{
    "memory_map": [
        ["0x3FF00000", "0x3FF00010", "DPORT"],
        ["0x3FFE8000", "0x40000000", "DRAM"],
        ["0x40000000", "0x40010000", "IROM"],
        ["0x40100000", "0x40108000", "IRAM"],
        ["0x40201010", "0x402E1010", "IROM"]
    ],
    "segments": [
        {
            "load_addr" : "0x40000000",
            "data": {
                "file": "bootrom_8266.bin",
                "len": "0x10000"
            }
        }
    ],
    "symbols": [
        ["Cache_Read_Disable", "0x400047f0"],
        ["Cache_Read_Enable", "0x40004678"],
        ["FilePacketSendReqMsgProc", "0x400035a0"],
        ["FlashDwnLdParamCfgMsgProc", "0x4000368c"],
        ["FlashDwnLdStartMsgProc", "0x40003538"],
        ["FlashDwnLdStopReqMsgProc", "0x40003658"],
        ["GetUartDevice", "0x40003f4c"],
        ["MD5Final", "0x40009900"],
        ["MD5Init", "0x40009818"],
        ["MD5Update", "0x40009834"],
        ["MemDwnLdStartMsgProc", "0x400036c4"],
        ["MemDwnLdStopReqMsgProc", "0x4000377c"],
        ["MemPacketSendReqMsgProc", "0x400036f0"],
        ["RcvMsg", "0x40003eac"],
        ["SHA1Final", "0x4000b648"],
        ["SHA1Init", "0x4000b584"],
        ["SHA1Transform", "0x4000a364"],
        ["SHA1Update", "0x4000b5a8"],
        ["SPI_read_status", "0x400043c8"],
        ["SPI_write_status", "0x40004400"],
        ["SPI_write_enable", "0x4000443c"],
        ["Wait_SPI_Idle", "0x4000448c"],
        ["Enable_QMode", "0x400044c0"],
        ["SPIEraseArea", "0x40004b44"],
        ["SPIEraseBlock", "0x400049b4"],
        ["SPIEraseChip", "0x40004984"],
        ["SPIEraseSector", "0x40004a00"],
        ["SPILock", "0x400048a8"],
        ["SPIParamCfg", "0x40004c2c"],
        ["SPIRead", "0x40004b1c"],
        ["SPIReadModeCnfig", "0x400048ec"],
        ["SPIUnlock", "0x40004878"],
        ["SPIWrite", "0x40004a4c"],
        ["SelectSpiFunction", "0x40003f58"],
        ["SendMsg", "0x40003cf4"],
        ["UartConnCheck", "0x40003230"],
        ["UartConnectProc", "0x400037a0"],
        ["UartDwnLdProc", "0x40003368"],
        ["UartGetCmdLn", "0x40003ef4"],
        ["UartRegReadProc", "0x4000381c"],
        ["UartRegWriteProc", "0x400037ac"],
        ["UartRxString", "0x40003c30"],
        ["Uart_Init", "0x40003a14"],
        ["_DebugExceptionVector", "0x40000010"],
        ["_DoubleExceptionVector", "0x40000070"],
        ["_KernelExceptionVector", "0x40000030"],
        ["_NMIExceptionVector", "0x40000020"],
        ["_ResetHandler", "0x400000a4"],
        ["_ResetVector", "0x40000080"],
        ["_UserExceptionVector", "0x40000050"],
        ["__adddf3", "0x4000c538"],
        ["__addsf3", "0x4000c180"],
        ["__divdf3", "0x4000cb94"],
        ["__divdi3", "0x4000ce60"],
        ["__divsi3", "0x4000dc88"],
        ["__extendsfdf2", "0x4000cdfc"],
        ["__fixdfsi", "0x4000ccb8"],
        ["__fixunsdfsi", "0x4000cd00"],
        ["__fixunssfsi", "0x4000c4c4"],
        ["__floatsidf", "0x4000e2f0"],
        ["__floatsisf", "0x4000e2ac"],
        ["__floatunsidf", "0x4000e2e8"],
        ["__floatunsisf", "0x4000e2a4"],
        ["__muldf3", "0x4000c8f0"],
        ["__muldi3", "0x40000650"],
        ["__mulsf3", "0x4000c3dc"],
        ["__subdf3", "0x4000c688"],
        ["__subsf3", "0x4000c268"],
        ["__truncdfsf2", "0x4000cd5c"],
        ["__udivdi3", "0x4000d310"],
        ["__udivsi3", "0x4000e21c"],
        ["__umoddi3", "0x4000d770"],
        ["__umodsi3", "0x4000e268"],
        ["__umulsidi3", "0x4000dcf0"],
        ["_rom_store", "0x4000e388"],
        ["_rom_store_table", "0x4000e328"],
        ["_start", "0x4000042c"],
        ["_xtos_alloca_handler", "0x4000dbe0"],
        ["_xtos_c_wrapper_handler", "0x40000598"],
        ["_xtos_cause3_handler", "0x40000590"],
        ["_xtos_ints_off", "0x4000bda4"],
        ["_xtos_ints_on", "0x4000bd84"],
        ["_xtos_l1int_handler", "0x4000048c"],
        ["_xtos_p_none", "0x4000dbf8"],
        ["_xtos_restore_intlevel", "0x4000056c"],
        ["_xtos_return_from_exc", "0x4000dc54"],
        ["_xtos_set_exception_handler", "0x40000454"],
        ["_xtos_set_interrupt_handler", "0x4000bd70"],
        ["_xtos_set_interrupt_handler_arg", "0x4000bd28"],
        ["_xtos_set_intlevel", "0x4000dbfc"],
        ["_xtos_set_min_intlevel", "0x4000dc18"],
        ["_xtos_set_vpri", "0x40000574"],
        ["_xtos_syscall_handler", "0x4000dbe4"],
        ["_xtos_unhandled_exception", "0x4000dc44"],
        ["_xtos_unhandled_interrupt", "0x4000dc3c"],
        ["aes_decrypt", "0x400092d4"],
        ["aes_decrypt_deinit", "0x400092e4"],
        ["aes_decrypt_init", "0x40008ea4"],
        ["aes_unwrap", "0x40009410"],
        ["base64_decode", "0x40009648"],
        ["base64_encode", "0x400094fc"],
        ["bzero", "0x4000de84"],
        ["cmd_parse", "0x40000814"],
        ["conv_str_decimal", "0x40000b24"],
        ["conv_str_hex", "0x40000cb8"],
        ["convert_para_str", "0x40000a60"],
        ["dtm_get_intr_mask", "0x400026d0"],
        ["dtm_params_init", "0x4000269c"],
        ["dtm_set_intr_mask", "0x400026c8"],
        ["dtm_set_params", "0x400026dc"],
        ["eprintf", "0x40001d14"],
        ["eprintf_init_buf", "0x40001cb8"],
        ["eprintf_to_host", "0x40001d48"],
        ["est_get_printf_buf_remain_len", "0x40002494"],
        ["est_reset_printf_buf_len", "0x4000249c"],
        ["ets_bzero", "0x40002ae8"],
        ["ets_char2xdigit", "0x40002b74"],
        ["ets_delay_us", "0x40002ecc"],
        ["ets_enter_sleep", "0x400027b8"],
        ["ets_external_printf", "0x40002578"],
        ["ets_get_cpu_frequency", "0x40002f0c"],
        ["ets_getc", "0x40002bcc"],
        ["ets_install_external_printf", "0x40002450"],
        ["ets_install_putc1", "0x4000242c"],
        ["ets_install_putc2", "0x4000248c"],
        ["ets_install_uart_printf", "0x40002438"],
        ["ets_intr_lock", "0x40000f74"],
        ["ets_intr_unlock", "0x40000f80"],
        ["ets_isr_attach", "0x40000f88"],
        ["ets_isr_mask", "0x40000f98"],
        ["ets_isr_unmask", "0x40000fa8"],
        ["ets_memcmp", "0x400018d4"],
        ["ets_memcpy", "0x400018b4"],
        ["ets_memmove", "0x400018c4"],
        ["ets_memset", "0x400018a4"],
        ["ets_post", "0x40000e24"],
        ["ets_printf", "0x400024cc"],
        ["ets_putc", "0x40002be8"],
        ["ets_rtc_int_register", "0x40002a40"],
        ["ets_run", "0x40000e04"],
        ["ets_set_idle_cb", "0x40000dc0"],
        ["ets_set_user_start", "0x40000fbc"],
        ["ets_str2macaddr", "0x40002af8"],
        ["ets_strcmp", "0x40002aa8"],
        ["ets_strcpy", "0x40002a88"],
        ["ets_strlen", "0x40002ac8"],
        ["ets_strncmp", "0x40002ab8"],
        ["ets_strncpy", "0x40002a98"],
        ["ets_strstr", "0x40002ad8"],
        ["ets_task", "0x40000dd0"],
        ["ets_timer_arm", "0x40002cc4"],
        ["ets_timer_disarm", "0x40002d40"],
        ["ets_timer_done", "0x40002d80"],
        ["ets_timer_handler_isr", "0x40002da8"],
        ["ets_timer_init", "0x40002e68"],
        ["ets_timer_setfn", "0x40002c48"],
        ["ets_uart_printf", "0x40002544"],
        ["ets_update_cpu_frequency", "0x40002f04"],
        ["ets_vprintf", "0x40001f00"],
        ["ets_wdt_disable", "0x400030f0"],
        ["ets_wdt_enable", "0x40002fa0"],
        ["ets_wdt_get_mode", "0x40002f34"],
        ["ets_wdt_init", "0x40003170"],
        ["ets_wdt_restore", "0x40003158"],
        ["ets_write_char", "0x40001da0"],
        ["get_first_seg", "0x4000091c"],
        ["gpio_init", "0x40004c50"],
        ["gpio_input_get", "0x40004cf0"],
        ["gpio_intr_ack", "0x40004dcc"],
        ["gpio_intr_handler_register", "0x40004e28"],
        ["gpio_intr_pending", "0x40004d88"],
        ["gpio_intr_test", "0x40004efc"],
        ["gpio_output_set", "0x40004cd0"],
        ["gpio_pin_intr_state_set", "0x40004d90"],
        ["gpio_pin_wakeup_disable", "0x40004ed4"],
        ["gpio_pin_wakeup_enable", "0x40004e90"],
        ["gpio_register_get", "0x40004d5c"],
        ["gpio_register_set", "0x40004d04"],
        ["hmac_md5", "0x4000a2cc"],
        ["hmac_md5_vector", "0x4000a160"],
        ["hmac_sha1", "0x4000ba28"],
        ["hmac_sha1_vector", "0x4000b8b4"],
        ["lldesc_build_chain", "0x40004f40"],
        ["lldesc_num2link", "0x40005050"],
        ["lldesc_set_owner", "0x4000507c"],
        ["main", "0x40000fec"],
        ["md5_vector", "0x400097ac"],
        ["mem_calloc", "0x40001c2c"],
        ["mem_free", "0x400019e0"],
        ["mem_init", "0x40001998"],
        ["mem_malloc", "0x40001b40"],
        ["mem_realloc", "0x40001c6c"],
        ["mem_trim", "0x40001a14"],
        ["mem_zalloc", "0x40001c58"],
        ["memcmp", "0x4000dea8"],
        ["memcpy", "0x4000df48"],
        ["memmove", "0x4000e04c"],
        ["memset", "0x4000e190"],
        ["multofup", "0x400031c0"],
        ["pbkdf2_sha1", "0x4000b840"],
        ["phy_get_romfuncs", "0x40006b08"],
        ["rand", "0x40000600"],
        ["rc4_skip", "0x4000dd68"],
        ["recv_packet", "0x40003d08"],
        ["remove_head_space", "0x40000a04"],
        ["rijndaelKeySetupDec", "0x40008dd0"],
        ["rijndaelKeySetupEnc", "0x40009300"],
        ["rom_abs_temp", "0x400060c0"],
        ["rom_ana_inf_gating_en", "0x40006b10"],
        ["rom_cal_tos_v50", "0x40007a28"],
        ["rom_chip_50_set_channel", "0x40006f84"],
        ["rom_chip_v5_disable_cca", "0x400060d0"],
        ["rom_chip_v5_enable_cca", "0x400060ec"],
        ["rom_chip_v5_rx_init", "0x4000711c"],
        ["rom_chip_v5_sense_backoff", "0x4000610c"],
        ["rom_chip_v5_tx_init", "0x4000718c"],
        ["rom_dc_iq_est", "0x4000615c"],
        ["rom_en_pwdet", "0x400061b8"],
        ["rom_get_bb_atten", "0x40006238"],
        ["rom_get_corr_power", "0x40006260"],
        ["rom_get_fm_sar_dout", "0x400062dc"],
        ["rom_get_noisefloor", "0x40006394"],
        ["rom_get_power_db", "0x400063b0"],
        ["rom_i2c_readReg", "0x40007268"],
        ["rom_i2c_readReg_Mask", "0x4000729c"],
        ["rom_i2c_writeReg", "0x400072d8"],
        ["rom_i2c_writeReg_Mask", "0x4000730c"],
        ["rom_iq_est_disable", "0x40006400"],
        ["rom_iq_est_enable", "0x40006430"],
        ["rom_linear_to_db", "0x40006484"],
        ["rom_mhz2ieee", "0x400065a4"],
        ["rom_pbus_dco___SA2", "0x40007bf0"],
        ["rom_pbus_debugmode", "0x4000737c"],
        ["rom_pbus_enter_debugmode", "0x40007410"],
        ["rom_pbus_exit_debugmode", "0x40007448"],
        ["rom_pbus_force_test", "0x4000747c"],
        ["rom_pbus_rd", "0x400074d8"],
        ["rom_pbus_set_rxgain", "0x4000754c"],
        ["rom_pbus_set_txgain", "0x40007610"],
        ["rom_pbus_workmode", "0x40007648"],
        ["rom_pbus_xpd_rx_off", "0x40007688"],
        ["rom_pbus_xpd_rx_on", "0x400076cc"],
        ["rom_pbus_xpd_tx_off", "0x400076fc"],
        ["rom_pbus_xpd_tx_on", "0x40007740"],
        ["rom_pbus_xpd_tx_on__low_gain", "0x400077a0"],
        ["rom_phy_reset_req", "0x40007804"],
        ["rom_restart_cal", "0x4000781c"],
        ["rom_rfcal_pwrctrl", "0x40007eb4"],
        ["rom_rfcal_rxiq", "0x4000804c"],
        ["rom_rfcal_rxiq_set_reg", "0x40008264"],
        ["rom_rfcal_txcap", "0x40008388"],
        ["rom_rfcal_txiq", "0x40008610"],
        ["rom_rfcal_txiq_cover", "0x400088b8"],
        ["rom_rfcal_txiq_set_reg", "0x40008a70"],
        ["rom_rfpll_reset", "0x40007868"],
        ["rom_rfpll_set_freq", "0x40007968"],
        ["rom_rxiq_cover_mg_mp", "0x40008b6c"],
        ["rom_rxiq_get_mis", "0x40006628"],
        ["rom_sar_init", "0x40006738"],
        ["rom_set_ana_inf_tx_scale", "0x4000678c"],
        ["rom_set_channel_freq", "0x40006c50"],
        ["rom_set_loopback_gain", "0x400067c8"],
        ["rom_set_noise_floor", "0x40006830"],
        ["rom_set_rxclk_en", "0x40006550"],
        ["rom_set_txbb_atten", "0x40008c6c"],
        ["rom_set_txclk_en", "0x4000650c"],
        ["rom_set_txiq_cal", "0x40008d34"],
        ["rom_start_noisefloor", "0x40006874"],
        ["rom_start_tx_tone", "0x400068b4"],
        ["rom_stop_tx_tone", "0x4000698c"],
        ["rom_tx_mac_disable", "0x40006a98"],
        ["rom_tx_mac_enable", "0x40006ad4"],
        ["rom_txtone_linear_pwr", "0x40006a1c"],
        ["rom_write_rfpll_sdm", "0x400078dc"],
        ["roundup2", "0x400031b4"],
        ["rtc_enter_sleep", "0x40002870"],
        ["rtc_get_reset_reason", "0x400025e0"],
        ["rtc_intr_handler", "0x400029ec"],
        ["rtc_set_sleep_mode", "0x40002668"],
        ["save_rxbcn_mactime", "0x400027a4"],
        ["save_tsf_us", "0x400027ac"],
        ["send_packet", "0x40003c80"],
        ["sha1_prf", "0x4000ba48"],
        ["sha1_vector", "0x4000a2ec"],
        ["sip_alloc_to_host_evt", "0x40005180"],
        ["sip_get_ptr", "0x400058a8"],
        ["sip_get_state", "0x40005668"],
        ["sip_init_attach", "0x4000567c"],
        ["sip_install_rx_ctrl_cb", "0x4000544c"],
        ["sip_install_rx_data_cb", "0x4000545c"],
        ["sip_post", "0x400050fc"],
        ["sip_post_init", "0x400056c4"],
        ["sip_reclaim_from_host_cmd", "0x4000534c"],
        ["sip_reclaim_tx_data_pkt", "0x400052c0"],
        ["sip_send", "0x40005808"],
        ["sip_to_host_chain_append", "0x40005864"],
        ["sip_to_host_evt_send_done", "0x40005234"],
        ["slc_add_credits", "0x400060ac"],
        ["slc_enable", "0x40005d90"],
        ["slc_from_host_chain_fetch", "0x40005f24"],
        ["slc_from_host_chain_recycle", "0x40005e94"],
        ["slc_init_attach", "0x40005c50"],
        ["slc_init_credit", "0x4000608c"],
        ["slc_pause_from_host", "0x40006014"],
        ["slc_reattach", "0x40005c1c"],
        ["slc_resume_from_host", "0x4000603c"],
        ["slc_select_tohost_gpio", "0x40005dc0"],
        ["slc_select_tohost_gpio_mode", "0x40005db8"],
        ["slc_send_to_host_chain", "0x40005de4"],
        ["slc_set_host_io_max_window", "0x40006068"],
        ["slc_to_host_chain_recycle", "0x40005f10"],
        ["software_reset", "0x4000264c"],
        ["spi_flash_attach", "0x40004644"],
        ["srand", "0x400005f0"],
        ["strcmp", "0x4000bdc8"],
        ["strcpy", "0x4000bec8"],
        ["strlen", "0x4000bf4c"],
        ["strncmp", "0x4000bfa8"],
        ["strncpy", "0x4000c0a0"],
        ["strstr", "0x4000e1e0"],
        ["timer_insert", "0x40002c64"],
        ["uartAttach", "0x4000383c"],
        ["uart_baudrate_detect", "0x40003924"],
        ["uart_buff_switch", "0x400038a4"],
        ["uart_div_modify", "0x400039d8"],
        ["uart_rx_intr_handler", "0x40003bbc"],
        ["uart_rx_one_char", "0x40003b8c"],
        ["uart_rx_one_char_block", "0x40003b64"],
        ["uart_rx_readbuff", "0x40003ec8"],
        ["uart_tx_one_char", "0x40003b30"],
        ["wepkey_128", "0x4000bc40"],
        ["wepkey_64", "0x4000bb3c"],
        ["xthal_bcopy", "0x40000688"],
        ["xthal_copy123", "0x4000074c"],
        ["xthal_get_ccompare", "0x4000dd4c"],
        ["xthal_get_ccount", "0x4000dd38"],
        ["xthal_get_interrupt", "0x4000dd58"],
        ["xthal_get_intread", "0x4000dd58"],
        ["xthal_memcpy", "0x400006c4"],
        ["xthal_set_ccompare", "0x4000dd40"],
        ["xthal_set_intclear", "0x4000dd60"],
        ["xthal_spill_registers_into_stack_nw", "0x4000e320"],
        ["xthal_window_spill", "0x4000e324"],
        ["xthal_window_spill_nw", "0x4000e320"],
        ["Te0", "0x3fffccf0"],
        ["Td0", "0x3fffd100"],
        ["Td4s", "0x3fffd500"],
        ["rcons", "0x3fffd0f0"],
        ["UartDev", "0x3fffde10"],
        ["flashchip", "0x3fffc714"]    
    ]
}
