{
    "memory_map": [
        ["0x00000000", "0x00010000", "PADDING"],
        ["0x3F400000", "0x3F800000", "DROM"],
        ["0x3F800000", "0x3FC00000", "EXTRAM_DATA"],
        ["0x3FF80000", "0x3FF82000", "RTC_DRAM"],
        ["0x3FF90000", "0x3FFA0000", "DROM"],
        ["0x3FFAE000", "0x40000000", "DRAM"],
        ["0x3FFE0000", "0x3FFFFFFC", "DIRAM_DRAM"],
        ["0x40000000", "0x40070000", "IROM"],
        ["0x40070000", "0x40078000", "CACHE_PRO"],
        ["0x40078000", "0x40080000", "CACHE_APP"],
        ["0x40080000", "0x400A0000", "IRAM"],
        ["0x400A0000", "0x400BFFFC", "DIRAM_IRAM"],
        ["0x400C0000", "0x400C2000", "RTC_IRAM"],
        ["0x400D0000", "0x40400000", "IROM"],
        ["0x50000000", "0x50002000", "RTC_DATA"]
    ],
    "segments": [
        {
            "load_addr": "0x40000000",
            "data": {
                "file": "esp32-r0-rom.bin",
                "len": "0x70000"
            }
        },
        {
            "load_addr": "0x3ff90000",
            "data": {
                "file": "esp32-r0-rom.bin",
                "file_offs": "0x60000",
                "len": "0x10000"
            }
        }
    ],
    "symbols": [
        ["abort", "0x4000bba4"],
        ["abs", "0x40056340"],
        ["__absvdi2", "0x4006387c"],
        ["__absvsi2", "0x40063868"],
        ["Add2SelfBigHex256", "0x40015b7c"],
        ["AddBigHex256", "0x40015b28"],
        ["AddBigHexModP256", "0x40015c98"],
        ["__adddf3", "0x40002590"],
        ["AddP256", "0x40015c74"],
        ["AddPdiv2_256", "0x40015ce0"],
        ["__addsf3", "0x400020e8"],
        ["__addvdi3", "0x40002cbc"],
        ["__addvsi3", "0x40002c98"],
        ["aes_128_cbc_decrypt", "0x4005cc7c"],
        ["aes_128_cbc_encrypt", "0x4005cc18"],
        ["aes_unwrap", "0x4005ccf0"],
        ["app_gpio_arg", "0x3ffe003c"],
        ["app_gpio_handler", "0x3ffe0040"],
        ["__ascii_wctomb", "0x40058ef0"],
        ["asctime", "0x40059588"],
        ["asctime_r", "0x40000ec8"],
        ["__ashldi3", "0x4000c818"],
        ["__ashrdi3", "0x4000c830"],
        ["atoi", "0x400566c4"],
        ["_atoi_r", "0x400566d4"],
        ["atol", "0x400566ec"],
        ["_atol_r", "0x400566fc"],
        ["base64_decode", "0x4005ced8"],
        ["base64_encode", "0x4005cdbc"],
        ["BasePoint_x_256", "0x3ff97488"],
        ["BasePoint_y_256", "0x3ff97468"],
        ["bigHexInversion256", "0x400168f0"],
        ["bigHexP256", "0x3ff973bc"],
        ["__bswapdi2", "0x400649c4"],
        ["__bswapsi2", "0x4006499c"],
        ["btdm_r_ble_bt_handler_tab_p_get", "0x40019b0c"],
        ["btdm_r_btdm_option_data_p_get", "0x40010004"],
        ["btdm_r_btdm_rom_version_get", "0x40010078"],
        ["btdm_r_data_init", "0x4001002c"],
        ["btdm_r_import_rf_phy_func_p_get", "0x40054298"],
        ["btdm_r_ip_func_p_get", "0x40019af0"],
        ["btdm_r_ip_func_p_set", "0x40019afc"],
        ["btdm_r_modules_func_p_get", "0x4005427c"],
        ["btdm_r_modules_func_p_set", "0x40054270"],
        ["btdm_r_plf_func_p_set", "0x40054288"],
        ["bt_util_buf_env", "0x3ffb8bd4"],
        ["bzero", "0x4000c1f4"],
        ["cache_flash_mmu_set", "0x400095e0"],
        ["Cache_Flush", "0x40009a14"],
        ["Cache_Read_Disable", "0x40009ab8"],
        ["Cache_Read_Enable", "0x40009a84"],
        ["Cache_Read_Init", "0x40009950"],
        ["cache_sram_mmu_set", "0x400097f4"],
        ["calc_rtc_memory_crc", "0x40008170"],
        ["calloc", "0x4000bee4"],
        ["_calloc_r", "0x4000bbf8"],
        ["check_pos", "0x400068b8"],
        ["_cleanup", "0x40001df8"],
        ["_cleanup_r", "0x40001d48"],
        ["__clear_cache", "0x40063860"],
        ["close", "0x40001778"],
        ["_close_r", "0x4000bd3c"],
        ["__clrsbdi2", "0x40064a38"],
        ["__clrsbsi2", "0x40064a20"],
        ["__clzdi2", "0x4000ca50"],
        ["__clzsi2", "0x4000c7e8"],
        ["__cmpdi2", "0x40063820"],
        ["co_default_bdaddr", "0x3ffae704"],
        ["co_null_bdaddr", "0x3ffb80e0"],
        ["co_sca2ppm", "0x3ff971e8"],
        ["crc16_be", "0x4005d09c"],
        ["crc16_le", "0x4005d05c"],
        ["crc32_be", "0x4005d024"],
        ["crc32_le", "0x4005cfec"],
        ["crc8_be", "0x4005d114"],
        ["crc8_le", "0x4005d0e0"],
        ["creat", "0x40000e8c"],
        ["ctime", "0x400595b0"],
        ["ctime_r", "0x400595c4"],
        ["_ctype_", "0x3ff96354"],
        ["__ctype_ptr__", "0x3ff96350"],
        ["__ctzdi2", "0x4000ca64"],
        ["__ctzsi2", "0x4000c7f0"],
        ["_data_end", "0x4000d5c8"],
        ["_data_end_btdm_rom", "0x4000d4f8"],
        ["_data_start", "0x4000d4f8"],
        ["_data_start_btdm_rom", "0x4000d4f4"],
        ["_data_start_btdm", "0x3ffae6e0"],
        ["_data_end_btdm", "0x3ffaff10"],
        ["_bss_start_btdm", "0x3ffb8000"],
        ["_bss_end_btdm", "0x3ffbff70"],
        ["_daylight", "0x3ffae0a4"],
        ["dbg_default_handler", "0x3ff97218"],
        ["dbg_state", "0x3ffb8d5d"],
        ["DebugE256PublicKey_x", "0x3ff97428"],
        ["DebugE256PublicKey_y", "0x3ff97408"],
        ["DebugE256SecretKey", "0x3ff973e8"],
        ["_DebugExceptionVector", "0x40000280"],
        ["debug_timer", "0x3ffe042c"],
        ["debug_timerfn", "0x3ffe0430"],
        ["dh_group14_generator", "0x3ff9ac60"],
        ["dh_group14_prime", "0x3ff9ab60"],
        ["dh_group15_generator", "0x3ff9ab5f"],
        ["dh_group15_prime", "0x3ff9a9df"],
        ["dh_group16_generator", "0x3ff9a9de"],
        ["dh_group16_prime", "0x3ff9a7de"],
        ["dh_group17_generator", "0x3ff9a7dd"],
        ["dh_group17_prime", "0x3ff9a4dd"],
        ["dh_group18_generator", "0x3ff9a4dc"],
        ["dh_group18_prime", "0x3ff9a0dc"],
        ["dh_group1_generator", "0x3ff9ae03"],
        ["dh_group1_prime", "0x3ff9ada3"],
        ["dh_group2_generator", "0x3ff9ada2"],
        ["dh_group2_prime", "0x3ff9ad22"],
        ["dh_group5_generator", "0x3ff9ad21"],
        ["dh_group5_prime", "0x3ff9ac61"],
        ["div", "0x40056348"],
        ["__divdc3", "0x40064460"],
        ["__divdf3", "0x40002954"],
        ["__divdi3", "0x4000ca84"],
        ["__divsc3", "0x40064200"],
        ["__divsf3", "0x4000234c"],
        ["__divsi3", "0x4000c7b8"],
        ["_DoubleExceptionVector", "0x400003c0"],
        ["dummy_len_plus", "0x3ffae290"],
        ["__dummy_lock", "0x4000c728"],
        ["__dummy_lock_try", "0x4000c730"],
        ["ecc_env", "0x3ffb8d60"],
        ["ecc_Jacobian_InfinityPoint256", "0x3ff972e8"],
        ["em_buf_env", "0x3ffb8d74"],
        ["environ", "0x3ffae0b4"],
        ["__env_lock", "0x40001fd4"],
        ["__env_unlock", "0x40001fe0"],
        ["__eqdf2", "0x400636a8"],
        ["__eqsf2", "0x40063374"],
        ["esp_crc8", "0x4005d144"],
        ["_etext", "0x4000d66c"],
        ["ets_aes_crypt", "0x4005c9b8"],
        ["ets_aes_disable", "0x4005c8f8"],
        ["ets_aes_enable", "0x4005c8cc"],
        ["ets_aes_set_endian", "0x4005c928"],
        ["ets_aes_setkey_dec", "0x4005c994"],
        ["ets_aes_setkey_enc", "0x4005c97c"],
        ["ets_bigint_disable", "0x4005c4e0"],
        ["ets_bigint_enable", "0x4005c498"],
        ["ets_bigint_mod_mult_getz", "0x4005c818"],
        ["ets_bigint_mod_mult_prepare", "0x4005c7b4"],
        ["ets_bigint_mod_power_getz", "0x4005c614"],
        ["ets_bigint_mod_power_prepare", "0x4005c54c"],
        ["ets_bigint_montgomery_mult_getz", "0x4005c7a4"],
        ["ets_bigint_montgomery_mult_prepare", "0x4005c6fc"],
        ["ets_bigint_mult_getz", "0x4005c6e8"],
        ["ets_bigint_mult_prepare", "0x4005c630"],
        ["ets_bigint_wait_finish", "0x4005c520"],
        ["ets_delay_us", "0x40008534"],
        ["ets_efuse_get_8M_clock", "0x40008710"],
        ["ets_efuse_get_spiconfig", "0x40008658"],
        ["ets_efuse_program_op", "0x40008628"],
        ["ets_efuse_read_op", "0x40008600"],
        ["ets_get_cpu_frequency", "0x4000855c"],
        ["ets_get_detected_xtal_freq", "0x40008588"],
        ["ets_get_xtal_scale", "0x4000856c"],
        ["ets_install_putc1", "0x40007d18"],
        ["ets_install_putc2", "0x40007d38"],
        ["ets_install_uart_printf", "0x40007d28"],
        ["ets_post", "0x4000673c"],
        ["ets_printf", "0x40007d54"],
        ["ets_readySet_", "0x3ffe01f0"],
        ["ets_run", "0x400066bc"],
        ["ets_secure_boot_check", "0x4005cb40"],
        ["ets_secure_boot_check_finish", "0x4005cc04"],
        ["ets_secure_boot_check_start", "0x4005cbcc"],
        ["ets_secure_boot_finish", "0x4005ca84"],
        ["ets_secure_boot_hash", "0x4005cad4"],
        ["ets_secure_boot_obtain", "0x4005cb14"],
        ["ets_secure_boot_rd_abstract", "0x4005cba8"],
        ["ets_secure_boot_rd_iv", "0x4005cb84"],
        ["ets_secure_boot_start", "0x4005ca34"],
        ["ets_set_appcpu_boot_addr", "0x4000689c"],
        ["ets_set_idle_cb", "0x40006674"],
        ["ets_set_startup_callback", "0x4000688c"],
        ["ets_set_user_start", "0x4000687c"],
        ["ets_sha_disable", "0x4005c0a8"],
        ["ets_sha_enable", "0x4005c07c"],
        ["ets_sha_finish", "0x4005c104"],
        ["ets_sha_init", "0x4005c0d4"],
        ["ets_sha_update", "0x4005c2a0"],
        ["ets_startup_callback", "0x3ffe0404"],
        ["ets_task", "0x40006688"],
        ["ets_timer_arm", "0x40008368"],
        ["ets_timer_arm_us", "0x400083ac"],
        ["ets_timer_disarm", "0x400083ec"],
        ["ets_timer_done", "0x40008428"],
        ["ets_timer_handler_isr", "0x40008454"],
        ["ets_timer_init", "0x400084e8"],
        ["ets_timer_setfn", "0x40008350"],
        ["ets_unpack_flash_code", "0x40007018"],
        ["ets_unpack_flash_code_legacy", "0x4000694c"],
        ["ets_update_cpu_frequency", "0x40008550"],
        ["ets_waiti0", "0x400067d8"],
        ["exc_cause_table", "0x3ff991d0"],
        ["_exit_r", "0x4000bd28"],
        ["__extendsfdf2", "0x40002c34"],
        ["fclose", "0x400020ac"],
        ["_fclose_r", "0x40001fec"],
        ["fflush", "0x40059394"],
        ["_fflush_r", "0x40059320"],
        ["__ffsdi2", "0x4000ca2c"],
        ["__ffssi2", "0x4000c804"],
        ["FilePacketSendDeflatedReqMsgProc", "0x40008b24"],
        ["FilePacketSendReqMsgProc", "0x40008860"],
        ["_findenv_r", "0x40001f44"],
        ["__fixdfdi", "0x40002ac4"],
        ["__fixdfsi", "0x40002a78"],
        ["__fixsfdi", "0x4000244c"],
        ["__fixsfsi", "0x4000240c"],
        ["__fixunsdfsi", "0x40002b30"],
        ["__fixunssfdi", "0x40002504"],
        ["__fixunssfsi", "0x400024ac"],
        ["FlashDwnLdDeflatedStartMsgProc", "0x40008ad8"],
        ["FlashDwnLdParamCfgMsgProc", "0x4000891c"],
        ["FlashDwnLdStartMsgProc", "0x40008820"],
        ["FlashDwnLdStopDeflatedReqMsgProc", "0x40008c18"],
        ["FlashDwnLdStopReqMsgProc", "0x400088ec"],
        ["__floatdidf", "0x4000c988"],
        ["__floatdisf", "0x4000c8c0"],
        ["__floatsidf", "0x4000c944"],
        ["__floatsisf", "0x4000c870"],
        ["__floatundidf", "0x4000c978"],
        ["__floatundisf", "0x4000c8b0"],
        ["__floatunsidf", "0x4000c938"],
        ["__floatunsisf", "0x4000c864"],
        ["__fp_lock_all", "0x40001f1c"],
        ["__fp_unlock_all", "0x40001f30"],
        ["fputwc", "0x40058ea8"],
        ["__fputwc", "0x40058da0"],
        ["_fputwc_r", "0x40058e4c"],
        ["free", "0x4000beb8"],
        ["_free_r", "0x4000bbcc"],
        ["_fstat_r", "0x4000bccc"],
        ["_fwalk", "0x4000c738"],
        ["_fwalk_reent", "0x4000c770"],
        ["__gcc_bcmp", "0x40064a70"],
        ["__gedf2", "0x40063768"],
        ["_GeneralException", "0x40000e14"],
        ["__gesf2", "0x4006340c"],
        ["__get_current_time_locale", "0x40001834"],
        ["_getenv_r", "0x40001fbc"],
        ["_getpid_r", "0x4000bcfc"],
        ["__getreent", "0x4000be8c"],
        ["_gettimeofday_r", "0x4000bc58"],
        ["__gettzinfo", "0x40001fcc"],
        ["GetUartDevice", "0x40009598"],
        ["GF_Jacobian_Point_Addition256", "0x400163a4"],
        ["GF_Jacobian_Point_Double256", "0x40016260"],
        ["GF_Point_Jacobian_To_Affine256", "0x40016b0c"],
        ["_global_impure_ptr", "0x3ffae0b0"],
        ["gmtime", "0x40059848"],
        ["gmtime_r", "0x40059868"],
        ["g_phyFuns_instance", "0x3ffae0c4"],
        ["g_rom_flashchip", "0x3ffae270"],
        ["gpio_init", "0x40009c20"],
        ["gpio_input_get", "0x40009b88"],
        ["gpio_input_get_high", "0x40009b9c"],
        ["gpio_intr_ack", "0x40009dd4"],
        ["gpio_intr_ack_high", "0x40009e1c"],
        ["gpio_intr_handler_register", "0x40009e6c"],
        ["gpio_intr_pending", "0x40009cec"],
        ["gpio_intr_pending_high", "0x40009cf8"],
        ["gpio_matrix_in", "0x40009edc"],
        ["gpio_matrix_out", "0x40009f0c"],
        ["gpio_output_set", "0x40009b24"],
        ["gpio_output_set_high", "0x40009b5c"],
        ["gpio_pad_hold", "0x4000a734"],
        ["gpio_pad_pulldown", "0x4000a348"],
        ["gpio_pad_pullup", "0x4000a22c"],
        ["gpio_pad_select_gpio", "0x40009fdc"],
        ["gpio_pad_set_drv", "0x4000a11c"],
        ["gpio_pad_unhold", "0x4000a484"],
        ["gpio_pending_mask", "0x3ffe0038"],
        ["gpio_pending_mask_high", "0x3ffe0044"],
        ["gpio_pin_intr_state_set", "0x40009d04"],
        ["gpio_pin_wakeup_disable", "0x40009eb0"],
        ["gpio_pin_wakeup_enable", "0x40009e7c"],
        ["gpio_register_get", "0x40009cbc"],
        ["gpio_register_set", "0x40009bbc"],
        ["__gtdf2", "0x400636dc"],
        ["__gtsf2", "0x400633a0"],
        ["gTxMsg", "0x3ffe0050"],
        ["hci_cmd_desc_root_tab", "0x3ff976d4"],
        ["hci_cmd_desc_tab_ctrl_bb", "0x3ff97b70"],
        ["hci_cmd_desc_tab_info_par", "0x3ff97b1c"],
        ["hci_cmd_desc_tab_le", "0x3ff97870"],
        ["hci_cmd_desc_tab_lk_ctrl", "0x3ff97fc0"],
        ["hci_cmd_desc_tab_lk_pol", "0x3ff97f3c"],
        ["hci_cmd_desc_tab_stat_par", "0x3ff97ac8"],
        ["hci_cmd_desc_tab_testing", "0x3ff97a98"],
        ["hci_cmd_desc_tab_vs", "0x3ff97714"],
        ["hci_command_handler", "0x4004c928"],
        ["hci_env", "0x3ffb9350"],
        ["hci_evt_dbg_desc_tab", "0x3ff9750c"],
        ["hci_evt_desc_tab", "0x3ff9751c"],
        ["hci_evt_le_desc_tab", "0x3ff974b4"],
        ["hci_fc_env", "0x3ffb9340"],
        ["hmac_md5", "0x4005d264"],
        ["hmac_md5_vector", "0x4005d17c"],
        ["hmac_sha1", "0x40060acc"],
        ["hmac_sha1_vector", "0x400609e4"],
        ["hmac_sha256", "0x40060d58"],
        ["hmac_sha256_vector", "0x40060c84"],
        ["intr_matrix_set", "0x4000681c"],
        ["isalnum", "0x40000f04"],
        ["isalpha", "0x40000f18"],
        ["isascii", "0x4000c20c"],
        ["_isatty_r", "0x40000ea0"],
        ["isblank", "0x40000f2c"],
        ["iscntrl", "0x40000f50"],
        ["isdigit", "0x40000f64"],
        ["isgraph", "0x40000f94"],
        ["islower", "0x40000f78"],
        ["isprint", "0x40000fa8"],
        ["ispunct", "0x40000fc0"],
        ["isspace", "0x40000fd4"],
        ["isupper", "0x40000fe8"],
        ["itoa", "0x400566b4"],
        ["__itoa", "0x40056678"],
        ["jd_decomp", "0x400613e8"],
        ["jd_prepare", "0x40060fa8"],
        ["ke_env", "0x3ffb93cc"],
        ["_KernelExceptionVector", "0x40000300"],
        ["_kill_r", "0x4000bd10"],
        ["labs", "0x40056370"],
        ["lb_default_handler", "0x3ff982b8"],
        ["lb_default_state_tab_p_get", "0x4001c198"],
        ["lb_env", "0x3ffb9424"],
        ["lb_hci_cmd_handler_tab_p_get", "0x4001c18c"],
        ["lb_state", "0x3ffb94e8"],
        ["lc_default_handler", "0x3ff98648"],
        ["lc_default_state_tab_p_get", "0x4002f494"],
        ["lc_env", "0x3ffb94ec"],
        ["lc_hci_cmd_handler_tab_p_get", "0x4002f488"],
        ["lc_state", "0x3ffb9508"],
        ["ld_acl_br_sizes", "0x3ff98a2a"],
        ["ld_acl_br_types", "0x3ff98a36"],
        ["ld_acl_edr_sizes", "0x3ff98a14"],
        ["ld_acl_edr_types", "0x3ff98a22"],
        ["ld_env", "0x3ffb9510"],
        ["ldiv", "0x40056378"],
        ["ld_pcm_settings_dft", "0x3ff98a0c"],
        ["ld_sched_params", "0x3ffb96c0"],
        ["ld_sync_train_channels", "0x3ff98a3c"],
        ["__ledf2", "0x40063704"],
        ["__lesf2", "0x400633c0"],
        ["_Level2FromVector", "0x40000954"],
        ["_Level2Vector", "0x40000180"],
        ["_Level3FromVector", "0x40000a28"],
        ["_Level3Vector", "0x400001c0"],
        ["_Level4FromVector", "0x40000af8"],
        ["_Level4Vector", "0x40000200"],
        ["_Level5FromVector", "0x40000c68"],
        ["_Level5Vector", "0x40000240"],
        ["_LevelOneInterrupt", "0x40000835"],
        ["_link_r", "0x4000bc9c"],
        ["llc_default_handler", "0x3ff98b3c"],
        ["llc_default_state_tab_p_get", "0x40046058"],
        ["llc_env", "0x3ffb96d0"],
        ["llc_hci_acl_data_tx_handler", "0x40042398"],
        ["llc_hci_cmd_handler_tab_p_get", "0x40042358"],
        ["llc_hci_command_handler", "0x40042360"],
        ["llcp_pdu_handler_tab_p_get", "0x40043f64"],
        ["llc_state", "0x3ffb96f8"],
        ["lldesc_build_chain", "0x4000a850"],
        ["lldesc_num2link", "0x4000a948"],
        ["lldesc_set_owner", "0x4000a974"],
        ["lld_evt_env", "0x3ffb9704"],
        ["lld_pdu_adv_pk_desc_tab", "0x3ff98c70"],
        ["lld_pdu_llcp_pk_desc_tab", "0x3ff98b68"],
        ["LLM_AA_CT1", "0x3ff98d8a"],
        ["LLM_AA_CT2", "0x3ff98d88"],
        ["llm_default_handler", "0x3ff98d80"],
        ["llm_default_state_tab_p_get", "0x4004e718"],
        ["llm_hci_cmd_handler_tab_p_get", "0x4004c920"],
        ["llm_le_env", "0x3ffb976c"],
        ["llm_local_cmds", "0x3ff98d38"],
        ["llm_local_data_len_values", "0x3ff98d1c"],
        ["llm_local_le_feats", "0x3ff98d30"],
        ["llm_local_le_states", "0x3ff98d28"],
        ["llm_state", "0x3ffb985c"],
        ["lm_default_handler", "0x3ff990e0"],
        ["lm_default_state_tab_p_get", "0x40054268"],
        ["lm_env", "0x3ffb9860"],
        ["lm_hci_cmd_handler_tab_p_get", "0x4005425c"],
        ["lm_local_supp_feats", "0x3ff990ee"],
        ["lm_n_page_tab", "0x3ff990e8"],
        ["lmp_desc_tab", "0x3ff96e6c"],
        ["lmp_ext_desc_tab", "0x3ff96d9c"],
        ["lm_state", "0x3ffb9a1c"],
        ["__locale_charset", "0x40059540"],
        ["__locale_cjk_lang", "0x40059558"],
        ["localeconv", "0x4005957c"],
        ["_localeconv_r", "0x40059560"],
        ["__locale_mb_cur_max", "0x40059548"],
        ["__locale_msgcharset", "0x40059550"],
        ["localtime", "0x400595dc"],
        ["localtime_r", "0x400595fc"],
        ["_lock_acquire", "0x4000be14"],
        ["_lock_acquire_recursive", "0x4000be28"],
        ["_lock_close", "0x4000bdec"],
        ["_lock_close_recursive", "0x4000be00"],
        ["_lock_init", "0x4000bdc4"],
        ["_lock_init_recursive", "0x4000bdd8"],
        ["_lock_release", "0x4000be64"],
        ["_lock_release_recursive", "0x4000be78"],
        ["_lock_try_acquire", "0x4000be3c"],
        ["_lock_try_acquire_recursive", "0x4000be50"],
        ["longjmp", "0x400562cc"],
        ["_lseek_r", "0x4000bd8c"],
        ["__lshrdi3", "0x4000c84c"],
        ["__ltdf2", "0x40063790"],
        ["__ltsf2", "0x4006342c"],
        ["malloc", "0x4000bea0"],
        ["_malloc_r", "0x4000bbb4"],
        ["maxSecretKey_256", "0x3ff97448"],
        ["__mb_cur_max", "0x3ff96530"],
        ["MD5Final", "0x4005db1c"],
        ["MD5Init", "0x4005da7c"],
        ["MD5Update", "0x4005da9c"],
        ["md5_vector", "0x4005db80"],
        ["memccpy", "0x4000c220"],
        ["memchr", "0x4000c244"],
        ["memcmp", "0x4000c260"],
        ["memcpy", "0x4000c2c8"],
        ["MemDwnLdStartMsgProc", "0x40008948"],
        ["MemDwnLdStopReqMsgProc", "0x400089dc"],
        ["memmove", "0x4000c3c0"],
        ["MemPacketSendReqMsgProc", "0x40008978"],
        ["memrchr", "0x4000c400"],
        ["memset", "0x4000c44c"],
        ["mktime", "0x4005a5e8"],
        ["mmu_init", "0x400095a4"],
        ["__moddi3", "0x4000cd4c"],
        ["__modsi3", "0x4000c7c0"],
        ["__month_lengths", "0x3ff9609c"],
        ["__muldc3", "0x40063bf4"],
        ["__muldf3", "0x4006358c"],
        ["__muldi3", "0x4000c9fc"],
        ["__mulsc3", "0x40063934"],
        ["__mulsf3", "0x400632c8"],
        ["__mulsi3", "0x4000c7b0"],
        ["MultiplyBigHexByUint32_256", "0x40016214"],
        ["MultiplyBigHexModP256", "0x400160b8"],
        ["MultiplyByU32ModP256", "0x40015fdc"],
        ["multofup", "0x4000ab8c"],
        ["__mulvdi3", "0x40002d78"],
        ["__mulvsi3", "0x40002d60"],
        ["mz_adler32", "0x4005edbc"],
        ["mz_crc32", "0x4005ee88"],
        ["mz_free", "0x4005eed4"],
        ["__nedf2", "0x400636a8"],
        ["__negdf2", "0x400634a0"],
        ["__negdi2", "0x4000ca14"],
        ["__negsf2", "0x400020c0"],
        ["__negvdi2", "0x40002e98"],
        ["__negvsi2", "0x40002e78"],
        ["__nesf2", "0x40063374"],
        ["_NMIExceptionVector", "0x400002c0"],
        ["notEqual256", "0x40015b04"],
        ["__nsau_data", "0x3ff96544"],
        ["one_bits", "0x3ff971f8"],
        ["open", "0x4000178c"],
        ["_open_r", "0x4000bd54"],
        ["__paritysi2", "0x40002f3c"],
        ["pbkdf2_sha1", "0x40060ba4"],
        ["phy_get_romfuncs", "0x40004100"],
        ["__popcountdi2", "0x40002ef8"],
        ["__popcountsi2", "0x40002ed0"],
        ["__popcount_tab", "0x3ff96544"],
        ["__powidf2", "0x400638d4"],
        ["__powisf2", "0x4006389c"],
        ["_Pri_4_HandlerAddress", "0x3ffe0648"],
        ["_Pri_5_HandlerAddress", "0x3ffe064c"],
        ["qsort", "0x40056424"],
        ["_raise_r", "0x4000bc70"],
        ["rand", "0x40001058"],
        ["rand_r", "0x400010d4"],
        ["r_btdm_option_data", "0x3ffae6e0"],
        ["r_bt_util_buf_acl_rx_alloc", "0x40010218"],
        ["r_bt_util_buf_acl_rx_free", "0x40010234"],
        ["r_bt_util_buf_acl_tx_alloc", "0x40010268"],
        ["r_bt_util_buf_acl_tx_free", "0x40010280"],
        ["r_bt_util_buf_init", "0x400100e4"],
        ["r_bt_util_buf_lmp_tx_alloc", "0x400101d0"],
        ["r_bt_util_buf_lmp_tx_free", "0x400101ec"],
        ["r_bt_util_buf_sync_clear", "0x400103c8"],
        ["r_bt_util_buf_sync_init", "0x400102c4"],
        ["r_bt_util_buf_sync_rx_alloc", "0x40010468"],
        ["r_bt_util_buf_sync_rx_free", "0x4001049c"],
        ["r_bt_util_buf_sync_tx_alloc", "0x400103ec"],
        ["r_bt_util_buf_sync_tx_free", "0x40010428"],
        ["rc4_skip", "0x40060928"],
        ["r_co_bdaddr_compare", "0x40014324"],
        ["r_co_bytes_to_string", "0x400142e4"],
        ["r_co_list_check_size_available", "0x400142c4"],
        ["r_co_list_extract", "0x4001404c"],
        ["r_co_list_extract_after", "0x40014118"],
        ["r_co_list_find", "0x4001419c"],
        ["r_co_list_init", "0x40013f14"],
        ["r_co_list_insert_after", "0x40014254"],
        ["r_co_list_insert_before", "0x40014200"],
        ["r_co_list_merge", "0x400141bc"],
        ["r_co_list_pool_init", "0x40013f30"],
        ["r_co_list_pop_front", "0x40014028"],
        ["r_co_list_push_back", "0x40013fb8"],
        ["r_co_list_push_front", "0x40013ff4"],
        ["r_co_list_size", "0x400142ac"],
        ["r_co_nb_good_channels", "0x40014360"],
        ["r_co_slot_to_duration", "0x40014348"],
        ["RcvMsg", "0x4000954c"],
        ["r_dbg_init", "0x40014394"],
        ["r_dbg_platform_reset_complete", "0x400143d0"],
        ["r_dbg_swdiag_init", "0x40014470"],
        ["r_dbg_swdiag_read", "0x400144a4"],
        ["r_dbg_swdiag_write", "0x400144d0"],
        ["r_E1", "0x400108e8"],
        ["r_E21", "0x40010968"],
        ["r_E22", "0x400109b4"],
        ["r_E3", "0x40010a58"],
        ["r_ea_alarm_clear", "0x40015ab4"],
        ["r_ea_alarm_set", "0x40015a10"],
        ["read", "0x400017dc"],
        ["_read_r", "0x4000bda8"],
        ["r_ea_elt_cancel", "0x400150d0"],
        ["r_ea_elt_create", "0x40015264"],
        ["r_ea_elt_insert", "0x400152a8"],
        ["r_ea_elt_remove", "0x400154f0"],
        ["r_ea_finetimer_isr", "0x400155d4"],
        ["r_ea_init", "0x40015228"],
        ["r_ea_interval_create", "0x4001555c"],
        ["r_ea_interval_delete", "0x400155a8"],
        ["r_ea_interval_duration_req", "0x4001597c"],
        ["r_ea_interval_insert", "0x4001557c"],
        ["r_ea_interval_remove", "0x40015590"],
        ["realloc", "0x4000becc"],
        ["_realloc_r", "0x4000bbe0"],
        ["r_ea_offset_req", "0x40015748"],
        ["r_ea_sleep_check", "0x40015928"],
        ["r_ea_sw_isr", "0x40015724"],
        ["r_ea_time_get_halfslot_rounded", "0x40015894"],
        ["r_ea_time_get_slot_rounded", "0x400158d4"],
        ["r_ecc_abort_key256_generation", "0x40017070"],
        ["r_ecc_generate_key256", "0x40016e00"],
        ["r_ecc_gen_new_public_key", "0x400170c0"],
        ["r_ecc_gen_new_secret_key", "0x400170e4"],
        ["r_ecc_get_debug_Keys", "0x40017224"],
        ["r_ecc_init", "0x40016dbc"],
        ["RecvBuff", "0x3ffe009c"],
        ["recv_packet", "0x40009424"],
        ["r_em_buf_init", "0x4001729c"],
        ["r_em_buf_rx_buff_addr_get", "0x400173e8"],
        ["r_em_buf_rx_free", "0x400173c4"],
        ["r_em_buf_tx_buff_addr_get", "0x40017404"],
        ["r_em_buf_tx_free", "0x4001741c"],
        ["_rename_r", "0x4000bc28"],
        ["_ResetHandler", "0x40000450"],
        ["_ResetVector", "0x40000400"],
        ["r_F1_256", "0x400133e4"],
        ["r_F2_256", "0x40013568"],
        ["r_F3_256", "0x40013664"],
        ["RFPLL_ICP_TABLE", "0x3ffb8b7c"],
        ["r_G_256", "0x40013470"],
        ["r_H3", "0x40013760"],
        ["r_H4", "0x40013830"],
        ["r_h4tl_init", "0x40017878"],
        ["r_h4tl_start", "0x40017924"],
        ["r_h4tl_stop", "0x40017934"],
        ["r_h4tl_write", "0x400178d0"],
        ["r_H5", "0x400138dc"],
        ["r_hashConcat", "0x40013a38"],
        ["r_hci_acl_tx_data_alloc", "0x4001951c"],
        ["r_hci_acl_tx_data_received", "0x40019654"],
        ["r_hci_bt_acl_bdaddr_register", "0x40018900"],
        ["r_hci_bt_acl_bdaddr_unregister", "0x400189ac"],
        ["r_hci_bt_acl_conhdl_register", "0x4001895c"],
        ["r_hci_cmd_get_max_param_size", "0x400192d0"],
        ["r_hci_cmd_received", "0x400192f8"],
        ["r_hci_evt_filter_add", "0x40018a64"],
        ["r_hci_evt_mask_set", "0x400189e4"],
        ["r_hci_fc_acl_buf_size_set", "0x40017988"],
        ["r_hci_fc_acl_en", "0x400179d8"],
        ["r_hci_fc_acl_packet_sent", "0x40017a3c"],
        ["r_hci_fc_check_host_available_nb_acl_packets", "0x40017aa4"],
        ["r_hci_fc_check_host_available_nb_sync_packets", "0x40017ac8"],
        ["r_hci_fc_host_nb_acl_pkts_complete", "0x40017a6c"],
        ["r_hci_fc_host_nb_sync_pkts_complete", "0x40017a88"],
        ["r_hci_fc_init", "0x40017974"],
        ["r_hci_fc_sync_buf_size_set", "0x400179b0"],
        ["r_hci_fc_sync_en", "0x40017a30"],
        ["r_hci_fc_sync_packet_sent", "0x40017a54"],
        ["r_hci_init", "0x40018538"],
        ["r_hci_look_for_cmd_desc", "0x40018454"],
        ["r_hci_look_for_dbg_evt_desc", "0x400184c4"],
        ["r_hci_look_for_evt_desc", "0x400184a0"],
        ["r_hci_look_for_le_evt_desc", "0x400184e0"],
        ["r_hci_reset", "0x4001856c"],
        ["r_hci_send_2_host", "0x400185bc"],
        ["r_hci_sync_tx_data_alloc", "0x40019754"],
        ["r_hci_sync_tx_data_received", "0x400197c0"],
        ["r_hci_tl_init", "0x40019290"],
        ["r_hci_tl_send", "0x40019228"],
        ["r_hci_util_pack", "0x40019874"],
        ["r_hci_util_unpack", "0x40019998"],
        ["r_hci_voice_settings_get", "0x40018bdc"],
        ["r_hci_voice_settings_set", "0x40018be8"],
        ["r_HMAC", "0x40013968"],
        ["r_import_rf_phy_func", "0x3ffb8354"],
        ["r_import_rf_phy_func_p", "0x3ffafd64"],
        ["r_ip_funcs", "0x3ffae710"],
        ["r_ip_funcs_p", "0x3ffae70c"],
        ["r_ke_check_malloc", "0x40019de0"],
        ["r_ke_event_callback_set", "0x40019ba8"],
        ["r_ke_event_clear", "0x40019c2c"],
        ["r_ke_event_flush", "0x40019ccc"],
        ["r_ke_event_get", "0x40019c78"],
        ["r_ke_event_get_all", "0x40019cc0"],
        ["r_ke_event_init", "0x40019b90"],
        ["r_ke_event_schedule", "0x40019cdc"],
        ["r_ke_event_set", "0x40019be0"],
        ["r_ke_flush", "0x4001a374"],
        ["r_ke_free", "0x4001a014"],
        ["r_ke_get_max_mem_usage", "0x4001a1c8"],
        ["r_ke_get_mem_usage", "0x4001a1a0"],
        ["r_ke_init", "0x4001a318"],
        ["r_ke_is_free", "0x4001a184"],
        ["r_ke_malloc", "0x40019eb4"],
        ["r_ke_mem_init", "0x40019d3c"],
        ["r_ke_mem_is_empty", "0x40019d8c"],
        ["r_ke_msg_alloc", "0x4001a1e0"],
        ["r_ke_msg_dest_id_get", "0x4001a2e0"],
        ["r_ke_msg_discard", "0x4001a850"],
        ["r_ke_msg_forward", "0x4001a290"],
        ["r_ke_msg_forward_new_id", "0x4001a2ac"],
        ["r_ke_msg_free", "0x4001a2cc"],
        ["r_ke_msg_in_queue", "0x4001a2f8"],
        ["r_ke_msg_save", "0x4001a858"],
        ["r_ke_msg_send", "0x4001a234"],
        ["r_ke_msg_send_basic", "0x4001a26c"],
        ["r_ke_msg_src_id_get", "0x4001a2ec"],
        ["r_ke_queue_extract", "0x40055fd0"],
        ["r_ke_queue_insert", "0x40056020"],
        ["r_ke_sleep_check", "0x4001a3d8"],
        ["r_ke_state_get", "0x4001a7d8"],
        ["r_ke_state_set", "0x4001a6fc"],
        ["r_ke_stats_get", "0x4001a3f0"],
        ["r_ke_task_check", "0x4001a8a4"],
        ["r_ke_task_create", "0x4001a674"],
        ["r_ke_task_delete", "0x4001a6c0"],
        ["r_ke_task_init", "0x4001a650"],
        ["r_ke_task_msg_flush", "0x4001a860"],
        ["r_ke_timer_active", "0x4001ac08"],
        ["r_ke_timer_adjust_all", "0x4001ac30"],
        ["r_ke_timer_clear", "0x4001ab90"],
        ["r_ke_timer_init", "0x4001aa9c"],
        ["r_ke_timer_set", "0x4001aac0"],
        ["r_ke_timer_sleep_check", "0x4001ac50"],
        ["r_KPrimC", "0x40010ad4"],
        ["r_lb_clk_adj_activate", "0x4001ae70"],
        ["r_lb_clk_adj_id_get", "0x4001af14"],
        ["r_lb_clk_adj_period_update", "0x4001af20"],
        ["r_lb_init", "0x4001acd4"],
        ["r_lb_mst_key", "0x4001afc0"],
        ["r_lb_mst_key_cmp", "0x4001af74"],
        ["r_lb_mst_key_restart_enc", "0x4001b0d4"],
        ["r_lb_mst_start_act_bcst_enc", "0x4001b198"],
        ["r_lb_mst_stop_act_bcst_enc", "0x4001b24c"],
        ["r_lb_reset", "0x4001ad38"],
        ["r_lb_send_lmp", "0x4001adbc"],
        ["r_lb_send_pdu_clk_adj", "0x4001af3c"],
        ["r_lb_util_get_csb_mode", "0x4001ada4"],
        ["r_lb_util_get_nb_broadcast", "0x4001ad80"],
        ["r_lb_util_get_res_lt_addr", "0x4001ad98"],
        ["r_lb_util_set_nb_broadcast", "0x4001ad8c"],
        ["r_lc_afh_set", "0x4001cc74"],
        ["r_lc_afh_start", "0x4001d240"],
        ["r_lc_auth_cmp", "0x4001cd54"],
        ["r_lc_calc_link_key", "0x4001ce7c"],
        ["r_lc_chg_pkt_type_cmp", "0x4001d038"],
        ["r_lc_chg_pkt_type_cont", "0x4001cfbc"],
        ["r_lc_chg_pkt_type_retry", "0x4001d0ac"],
        ["r_lc_chk_to", "0x4001d2a8"],
        ["r_lc_cmd_stat_send", "0x4001c914"],
        ["r_lc_comb_key_svr", "0x4001d30c"],
        ["r_lc_con_cmp", "0x4001d44c"],
        ["r_lc_con_cmp_evt_send", "0x4001d4fc"],
        ["r_lc_conn_seq_done", "0x40021334"],
        ["r_lc_detach", "0x4002037c"],
        ["r_lc_dhkey", "0x4001d564"],
        ["r_lc_enc_cmp", "0x4001d8bc"],
        ["r_lc_enc_key_refresh", "0x4001d720"],
        ["r_lc_end_chk_colli", "0x4001d858"],
        ["r_lc_end_of_sniff_nego", "0x4001d9a4"],
        ["r_lc_enter_sniff_mode", "0x4001ddb8"],
        ["r_lc_epr_change_lk", "0x4001db38"],
        ["r_lc_epr_cmp", "0x4001da88"],
        ["r_lc_epr_resp", "0x4001e0b4"],
        ["r_lc_epr_rsw_cmp", "0x4001dd40"],
        ["r_lc_ext_feat", "0x40020d6c"],
        ["r_lc_feat", "0x40020984"],
        ["r_lc_hl_connect", "0x400209e8"],
        ["r_lc_init", "0x4001c948"],
        ["r_lc_init_calc_f3", "0x4001deb0"],
        ["r_lc_initiator_epr", "0x4001e064"],
        ["r_lc_init_passkey_loop", "0x4001dfc0"],
        ["r_lc_init_start_mutual_auth", "0x4001df60"],
        ["r_lc_key_exch_end", "0x4001e140"],
        ["r_lc_legacy_pair", "0x4001e1c0"],
        ["r_lc_local_switch", "0x4001e22c"],
        ["r_lc_local_trans_mode", "0x4001e2e4"],
        ["r_lc_local_untrans_mode", "0x4001e3a0"],
        ["r_lc_loc_auth", "0x40020ecc"],
        ["r_lc_locepr_lkref", "0x4001d648"],
        ["r_lc_locepr_rsw", "0x4001d5d0"],
        ["r_lc_loc_sniff", "0x40020a6c"],
        ["r_lc_max_slot_mgt", "0x4001e410"],
        ["r_lc_mst_key", "0x4001e7c0"],
        ["r_lc_mst_qos_done", "0x4001ea80"],
        ["r_lc_mst_send_mst_key", "0x4001e8f4"],
        ["r_lc_mutual_auth_end", "0x4001e670"],
        ["r_lc_mutual_auth_end2", "0x4001e4f4"],
        ["r_lc_packet_type", "0x40021038"],
        ["r_lc_pair", "0x40020ddc"],
        ["r_lc_pairing_cont", "0x4001eafc"],
        ["r_lc_passkey_comm", "0x4001ed20"],
        ["r_lc_prepare_all_links_for_clk_adj", "0x40021430"],
        ["r_lc_proc_rcv_dhkey", "0x4001edec"],
        ["r_lc_ptt", "0x4001ee2c"],
        ["r_lc_ptt_cmp", "0x4001eeec"],
        ["r_lc_qos_setup", "0x4001ef50"],
        ["r_lc_rd_rem_name", "0x4001efd0"],
        ["r_lc_release", "0x4001f8a8"],
        ["r_lc_rem_enc", "0x4001f124"],
        ["r_lc_rem_name_cont", "0x4001f290"],
        ["r_lc_rem_nego_trans_mode", "0x4001f1b4"],
        ["r_lc_rem_sniff", "0x40020ca4"],
        ["r_lc_rem_sniff_sub_rate", "0x40020b10"],
        ["r_lc_rem_switch", "0x4001f070"],
        ["r_lc_rem_trans_mode", "0x4001f314"],
        ["r_lc_rem_unsniff", "0x400207a0"],
        ["r_lc_rem_untrans_mode", "0x4001f36c"],
        ["r_lc_reset", "0x4001c99c"],
        ["r_lc_resp_auth", "0x4001f518"],
        ["r_lc_resp_calc_f3", "0x4001f710"],
        ["r_lc_resp_num_comp", "0x40020074"],
        ["r_lc_resp_oob_nonce", "0x4001f694"],
        ["r_lc_resp_oob_wait_nonce", "0x4001f66c"],
        ["r_lc_resp_pair", "0x400208a4"],
        ["r_lc_resp_sec_auth", "0x4001f4a0"],
        ["r_lc_resp_wait_dhkey_cont", "0x4001f86c"],
        ["r_lc_restart_enc", "0x4001f8ec"],
        ["r_lc_restart_enc_cont", "0x4001f940"],
        ["r_lc_restore_afh_reporting", "0x4001f028"],
        ["r_lc_restore_to", "0x4001f9e0"],
        ["r_lc_ret_sniff_max_slot_chg", "0x4001fa30"],
        ["r_lc_rsw_clean_up", "0x4001dc70"],
        ["r_lc_rsw_done", "0x4001db94"],
        ["r_lc_sco_baseband_ack", "0x40022b00"],
        ["r_lc_sco_detach", "0x40021e40"],
        ["r_lc_sco_host_accept", "0x40022118"],
        ["r_lc_sco_host_reject", "0x400222b8"],
        ["r_lc_sco_host_request", "0x40021f4c"],
        ["r_lc_sco_host_request_disc", "0x4002235c"],
        ["r_lc_sco_init", "0x40021dc8"],
        ["r_lc_sco_peer_accept", "0x40022780"],
        ["r_lc_sco_peer_accept_disc", "0x40022a08"],
        ["r_lc_sco_peer_reject", "0x40022824"],
        ["r_lc_sco_peer_reject_disc", "0x40022a8c"],
        ["r_lc_sco_peer_request", "0x4002240c"],
        ["r_lc_sco_peer_request_disc", "0x400228ec"],
        ["r_lc_sco_release", "0x40021eec"],
        ["r_lc_sco_reset", "0x40021dfc"],
        ["r_lc_sco_timeout", "0x40022bd4"],
        ["r_lc_sec_auth_compute_sres", "0x4001f3ec"],
        ["r_lc_semi_key_cmp", "0x40020294"],
        ["r_lc_send_enc_chg_evt", "0x4002134c"],
        ["r_lc_send_enc_mode", "0x40020220"],
        ["r_lc_send_lmp", "0x4001c1a8"],
        ["r_lc_send_pdu_acc", "0x4001c21c"],
        ["r_lc_send_pdu_acc_ext4", "0x4001c240"],
        ["r_lc_send_pdu_au_rand", "0x4001c308"],
        ["r_lc_send_pdu_auto_rate", "0x4001c5d0"],
        ["r_lc_send_pdu_clk_adj_ack", "0x4001c46c"],
        ["r_lc_send_pdu_clk_adj_req", "0x4001c494"],
        ["r_lc_send_pdu_comb_key", "0x4001c368"],
        ["r_lc_send_pdu_dhkey_chk", "0x4001c8e8"],
        ["r_lc_send_pdu_encaps_head", "0x4001c440"],
        ["r_lc_send_pdu_encaps_payl", "0x4001c410"],
        ["r_lc_send_pdu_enc_key_sz_req", "0x4001c670"],
        ["r_lc_send_pdu_esco_lk_rem_req", "0x4001c5a8"],
        ["r_lc_send_pdu_feats_ext_req", "0x4001c6ec"],
        ["r_lc_send_pdu_feats_res", "0x4001c694"],
        ["r_lc_send_pdu_in_rand", "0x4001c338"],
        ["r_lc_send_pdu_io_cap_res", "0x4001c72c"],
        ["r_lc_send_pdu_lsto", "0x4001c64c"],
        ["r_lc_send_pdu_max_slot", "0x4001c3c8"],
        ["r_lc_send_pdu_max_slot_req", "0x4001c3ec"],
        ["r_lc_send_pdu_not_acc", "0x4001c26c"],
        ["r_lc_send_pdu_not_acc_ext4", "0x4001c294"],
        ["r_lc_send_pdu_num_comp_fail", "0x4001c770"],
        ["r_lc_send_pdu_pause_enc_aes_req", "0x4001c794"],
        ["r_lc_send_pdu_paus_enc_req", "0x4001c7c0"],
        ["r_lc_send_pdu_ptt_req", "0x4001c4c0"],
        ["r_lc_send_pdu_qos_req", "0x4001c82c"],
        ["r_lc_send_pdu_resu_enc_req", "0x4001c7e4"],
        ["r_lc_send_pdu_sco_lk_rem_req", "0x4001c580"],
        ["r_lc_send_pdu_set_afh", "0x4001c2c8"],
        ["r_lc_send_pdu_setup_cmp", "0x4001c808"],
        ["r_lc_send_pdu_slot_off", "0x4001c854"],
        ["r_lc_send_pdu_sniff_req", "0x4001c5f0"],
        ["r_lc_send_pdu_sp_cfm", "0x4001c518"],
        ["r_lc_send_pdu_sp_nb", "0x4001c4e8"],
        ["r_lc_send_pdu_sres", "0x4001c548"],
        ["r_lc_send_pdu_tim_acc", "0x4001c6cc"],
        ["r_lc_send_pdu_unit_key", "0x4001c398"],
        ["r_lc_send_pdu_unsniff_req", "0x4001c894"],
        ["r_lc_send_pdu_vers_req", "0x4001c8b4"],
        ["r_lc_skip_hl_oob_req", "0x400201bc"],
        ["r_lc_sniff_init", "0x40022cac"],
        ["r_lc_sniff_max_slot_chg", "0x40020590"],
        ["r_lc_sniff_reset", "0x40022cc8"],
        ["r_lc_sniff_slot_unchange", "0x40021100"],
        ["r_lc_sniff_sub_mode", "0x400204fc"],
        ["r_lc_sp_end", "0x400213a8"],
        ["r_lc_sp_fail", "0x40020470"],
        ["r_lc_sp_oob_tid_fail", "0x400204cc"],
        ["r_lc_ssr_nego", "0x4002125c"],
        ["r_lc_start", "0x4001ca28"],
        ["r_lc_start_enc", "0x4001fb28"],
        ["r_lc_start_enc_key_size", "0x4001fd9c"],
        ["r_lc_start_key_exch", "0x4001fe10"],
        ["r_lc_start_lmp_to", "0x4001fae8"],
        ["r_lc_start_oob", "0x4001fffc"],
        ["r_lc_start_passkey", "0x4001feac"],
        ["r_lc_start_passkey_loop", "0x4001ff88"],
        ["r_lc_stop_afh_report", "0x40020184"],
        ["r_lc_stop_enc", "0x40020110"],
        ["r_lc_switch_cmp", "0x40020448"],
        ["r_lc_unit_key_svr", "0x400206d8"],
        ["r_lc_unsniff", "0x40020c50"],
        ["r_lc_unsniff_cmp", "0x40020810"],
        ["r_lc_unsniff_cont", "0x40020750"],
        ["r_lc_upd_to", "0x4002065c"],
        ["r_lc_util_convert_pref_rate_to_packet_type", "0x4002f9b0"],
        ["r_lc_util_get_max_packet_size", "0x4002f4ac"],
        ["r_lc_util_get_offset_clke", "0x4002f538"],
        ["r_lc_util_get_offset_clkn", "0x4002f51c"],
        ["r_lc_util_set_loc_trans_coll", "0x4002f500"],
        ["r_lc_version", "0x40020a30"],
        ["r_ld_acl_active_hop_types_get", "0x40036e10"],
        ["r_ld_acl_afh_confirm", "0x40036d40"],
        ["r_ld_acl_afh_prepare", "0x40036c84"],
        ["r_ld_acl_afh_set", "0x40036b60"],
        ["r_ld_acl_allowed_tx_packet_types_set", "0x40036810"],
        ["r_ld_acl_bcst_rx_dec", "0x40036394"],
        ["r_ld_acl_bit_off_get", "0x40036b18"],
        ["r_ld_acl_clk_adj_set", "0x40036a00"],
        ["r_ld_acl_clk_off_get", "0x40036b00"],
        ["r_ld_acl_clk_set", "0x40036950"],
        ["r_ld_acl_clock_offset_get", "0x400364c0"],
        ["r_ld_acl_current_tx_power_get", "0x400368f0"],
        ["r_ld_acl_data_flush", "0x400357bc"],
        ["r_ld_acl_data_tx", "0x4003544c"],
        ["r_ld_acl_edr_set", "0x4003678c"],
        ["r_ld_acl_enc_key_load", "0x40036404"],
        ["r_ld_acl_flow_off", "0x40035400"],
        ["r_ld_acl_flow_on", "0x4003541c"],
        ["r_ld_acl_flush_timeout_get", "0x40035f9c"],
        ["r_ld_acl_flush_timeout_set", "0x40035fe0"],
        ["r_ld_acl_init", "0x40034d08"],
        ["r_ld_acl_lmp_flush", "0x40035d80"],
        ["r_ld_acl_lmp_tx", "0x40035b34"],
        ["r_ld_acl_lsto_get", "0x400366b4"],
        ["r_ld_acl_lsto_set", "0x400366f8"],
        ["r_ld_acl_reset", "0x40034d24"],
        ["r_ld_acl_role_get", "0x40036b30"],
        ["r_ld_acl_rssi_delta_get", "0x40037028"],
        ["r_ld_acl_rsw_req", "0x40035e74"],
        ["r_ld_acl_rx_enc", "0x40036344"],
        ["r_ld_acl_rx_max_slot_get", "0x40036e58"],
        ["r_ld_acl_rx_max_slot_set", "0x40036ea0"],
        ["r_ld_acl_slot_offset_get", "0x4003653c"],
        ["r_ld_acl_slot_offset_set", "0x40036658"],
        ["r_ld_acl_sniff", "0x4003617c"],
        ["r_ld_acl_sniff_trans", "0x400360a8"],
        ["r_ld_acl_ssr_set", "0x40036274"],
        ["r_ld_acl_start", "0x40034ddc"],
        ["r_ld_acl_stop", "0x4003532c"],
        ["r_ld_acl_test_mode_set", "0x40036f24"],
        ["r_ld_acl_timing_accuracy_set", "0x4003673c"],
        ["r_ld_acl_t_poll_get", "0x40036024"],
        ["r_ld_acl_t_poll_set", "0x40036068"],
        ["r_ld_acl_tx_enc", "0x400362f8"],
        ["r_ld_acl_unsniff", "0x400361e0"],
        ["r_ld_active_check", "0x4003cac4"],
        ["r_ld_afh_ch_assess_data_get", "0x4003caec"],
        ["r_ld_bcst_acl_data_tx", "0x40038d3c"],
        ["r_ld_bcst_acl_init", "0x40038bd0"],
        ["r_ld_bcst_acl_reset", "0x40038bdc"],
        ["r_ld_bcst_acl_start", "0x4003882c"],
        ["r_ld_bcst_afh_update", "0x40038f3c"],
        ["r_ld_bcst_enc_key_load", "0x4003906c"],
        ["r_ld_bcst_lmp_tx", "0x40038bf8"],
        ["r_ld_bcst_tx_enc", "0x40038ff8"],
        ["r_ld_bd_addr_get", "0x4003ca20"],
        ["r_ld_channel_assess", "0x4003c184"],
        ["r_ld_class_of_dev_get", "0x4003ca34"],
        ["r_ld_class_of_dev_set", "0x4003ca50"],
        ["r_ld_csb_rx_afh_update", "0x40039af4"],
        ["r_ld_csb_rx_init", "0x40039690"],
        ["r_ld_csb_rx_reset", "0x4003969c"],
        ["r_ld_csb_rx_start", "0x4003972c"],
        ["r_ld_csb_rx_stop", "0x40039bb8"],
        ["r_ld_csb_tx_afh_update", "0x4003a5fc"],
        ["r_ld_csb_tx_clr_data", "0x4003a71c"],
        ["r_ld_csb_tx_dis", "0x4003a5e8"],
        ["r_ld_csb_tx_en", "0x4003a1c0"],
        ["r_ld_csb_tx_init", "0x4003a0e8"],
        ["r_ld_csb_tx_reset", "0x4003a0f8"],
        ["r_ld_csb_tx_set_data", "0x4003a6c0"],
        ["r_ld_fm_clk_isr", "0x4003a7a8"],
        ["r_ld_fm_frame_isr", "0x4003a82c"],
        ["r_ld_fm_init", "0x4003a760"],
        ["r_ld_fm_prog_check", "0x4003ab28"],
        ["r_ld_fm_prog_disable", "0x4003a984"],
        ["r_ld_fm_prog_enable", "0x4003a944"],
        ["r_ld_fm_prog_push", "0x4003a9d4"],
        ["r_ld_fm_reset", "0x4003a794"],
        ["r_ld_fm_rx_isr", "0x4003a7f4"],
        ["r_ld_fm_sket_isr", "0x4003a8a4"],
        ["r_ld_init", "0x4003c294"],
        ["r_ld_inq_init", "0x4003b15c"],
        ["r_ld_inq_reset", "0x4003b168"],
        ["r_ld_inq_start", "0x4003b1f0"],
        ["r_ld_inq_stop", "0x4003b4f0"],
        ["r_ld_iscan_eir_get", "0x4003c118"],
        ["r_ld_iscan_eir_set", "0x4003bfa0"],
        ["r_ld_iscan_init", "0x4003b9f0"],
        ["r_ld_iscan_reset", "0x4003ba14"],
        ["r_ld_iscan_restart", "0x4003ba44"],
        ["r_ld_iscan_start", "0x4003bb28"],
        ["r_ld_iscan_stop", "0x4003bf1c"],
        ["r_ld_iscan_tx_pwr_get", "0x4003c138"],
        ["r_ld_page_init", "0x4003d808"],
        ["r_ld_page_reset", "0x4003d814"],
        ["r_ld_page_start", "0x4003d848"],
        ["r_ld_page_stop", "0x4003da54"],
        ["r_ld_pca_coarse_clock_adjust", "0x4003e324"],
        ["r_ld_pca_init", "0x4003deb4"],
        ["r_ld_pca_initiate_clock_dragging", "0x4003e4ac"],
        ["r_ld_pca_local_config", "0x4003df6c"],
        ["r_ld_pca_mws_frame_sync", "0x4003e104"],
        ["r_ld_pca_mws_moment_offset_gt", "0x4003e278"],
        ["r_ld_pca_mws_moment_offset_lt", "0x4003e280"],
        ["r_ld_pca_reporting_enable", "0x4003e018"],
        ["r_ld_pca_reset", "0x4003df0c"],
        ["r_ld_pca_update_target_offset", "0x4003e050"],
        ["r_ld_pscan_evt_handler", "0x4003f238"],
        ["r_ld_pscan_init", "0x4003f474"],
        ["r_ld_pscan_reset", "0x4003f498"],
        ["r_ld_pscan_restart", "0x4003f4b8"],
        ["r_ld_pscan_start", "0x4003f514"],
        ["r_ld_pscan_stop", "0x4003f618"],
        ["r_ld_read_clock", "0x4003c9e4"],
        ["r_ld_reset", "0x4003c714"],
        ["r_ld_sched_acl_add", "0x4003f978"],
        ["r_ld_sched_acl_remove", "0x4003f99c"],
        ["r_ld_sched_compute", "0x4003f6f8"],
        ["r_ld_sched_init", "0x4003f7ac"],
        ["r_ld_sched_inq_add", "0x4003f8a8"],
        ["r_ld_sched_inq_remove", "0x4003f8d0"],
        ["r_ld_sched_iscan_add", "0x4003f7e8"],
        ["r_ld_sched_iscan_remove", "0x4003f808"],
        ["r_ld_sched_page_add", "0x4003f910"],
        ["r_ld_sched_page_remove", "0x4003f938"],
        ["r_ld_sched_pscan_add", "0x4003f828"],
        ["r_ld_sched_pscan_remove", "0x4003f848"],
        ["r_ld_sched_reset", "0x4003f7d4"],
        ["r_ld_sched_sco_add", "0x4003fa4c"],
        ["r_ld_sched_sco_remove", "0x4003fa9c"],
        ["r_ld_sched_sniff_add", "0x4003f9c4"],
        ["r_ld_sched_sniff_remove", "0x4003fa0c"],
        ["r_ld_sched_sscan_add", "0x4003f868"],
        ["r_ld_sched_sscan_remove", "0x4003f888"],
        ["r_ld_sco_audio_isr", "0x40037cc8"],
        ["r_ld_sco_data_tx", "0x40037ee8"],
        ["r_ld_sco_start", "0x40037110"],
        ["r_ld_sco_stop", "0x40037c40"],
        ["r_ld_sco_update", "0x40037a74"],
        ["r_ld_sscan_activated", "0x4004031c"],
        ["r_ld_sscan_init", "0x400402f0"],
        ["r_ld_sscan_reset", "0x400402fc"],
        ["r_ld_sscan_start", "0x40040384"],
        ["r_ld_strain_init", "0x400409f4"],
        ["r_ld_strain_reset", "0x40040a00"],
        ["r_ld_strain_start", "0x40040a8c"],
        ["r_ld_strain_stop", "0x40040df0"],
        ["r_ld_timing_accuracy_get", "0x4003caac"],
        ["r_ld_util_active_master_afh_map_get", "0x4004131c"],
        ["r_ld_util_active_master_afh_map_set", "0x40041308"],
        ["r_ld_util_bch_create", "0x40040fcc"],
        ["r_ld_util_fhs_pk", "0x400411c8"],
        ["r_ld_util_fhs_unpk", "0x40040e54"],
        ["r_ld_util_stp_pk", "0x400413f4"],
        ["r_ld_util_stp_unpk", "0x40041324"],
        ["r_ld_version_get", "0x4003ca6c"],
        ["r_ld_wlcoex_set", "0x4003caf8"],
        ["r_llc_ch_assess_get_current_ch_map", "0x40041574"],
        ["r_llc_ch_assess_get_local_ch_map", "0x4004150c"],
        ["r_llc_ch_assess_local", "0x40041494"],
        ["r_llc_ch_assess_merge_ch", "0x40041588"],
        ["r_llc_ch_assess_reass_ch", "0x400415c0"],
        ["r_llc_common_cmd_complete_send", "0x40044eac"],
        ["r_llc_common_cmd_status_send", "0x40044ee0"],
        ["r_llc_common_enc_change_evt_send", "0x40044f6c"],
        ["r_llc_common_enc_key_ref_comp_evt_send", "0x40044f38"],
        ["r_llc_common_flush_occurred_send", "0x40044f0c"],
        ["r_llc_common_nb_of_pkt_comp_evt_send", "0x40045000"],
        ["r_llc_con_update_complete_send", "0x40044d68"],
        ["r_llc_con_update_finished", "0x4004518c"],
        ["r_llc_con_update_ind", "0x40045038"],
        ["r_llc_discon_event_complete_send", "0x40044a30"],
        ["r_llc_end_evt_defer", "0x40046330"],
        ["r_llc_feats_rd_event_send", "0x40044e0c"],
        ["r_llc_init", "0x40044778"],
        ["r_llc_le_con_cmp_evt_send", "0x40044a78"],
        ["r_llc_llcp_ch_map_update_pdu_send", "0x40043f94"],
        ["r_llc_llcp_con_param_req_pdu_send", "0x400442fc"],
        ["r_llc_llcp_con_param_rsp_pdu_send", "0x40044358"],
        ["r_llc_llcp_con_update_pdu_send", "0x400442c4"],
        ["r_llc_llcp_enc_req_pdu_send", "0x40044064"],
        ["r_llc_llcp_enc_rsp_pdu_send", "0x40044160"],
        ["r_llc_llcp_feats_req_pdu_send", "0x400443b4"],
        ["r_llc_llcp_feats_rsp_pdu_send", "0x400443f0"],
        ["r_llc_llcp_get_autorize", "0x4004475c"],
        ["r_llc_llcp_length_req_pdu_send", "0x40044574"],
        ["r_llc_llcp_length_rsp_pdu_send", "0x400445ac"],
        ["r_llc_llcp_pause_enc_req_pdu_send", "0x40043fd8"],
        ["r_llc_llcp_pause_enc_rsp_pdu_send", "0x40044010"],
        ["r_llc_llcp_ping_req_pdu_send", "0x4004454c"],
        ["r_llc_llcp_ping_rsp_pdu_send", "0x40044560"],
        ["r_llc_llcp_recv_handler", "0x40044678"],
        ["r_llc_llcp_reject_ind_pdu_send", "0x4004425c"],
        ["r_llc_llcp_start_enc_req_pdu_send", "0x4004441c"],
        ["r_llc_llcp_start_enc_rsp_pdu_send", "0x400441f8"],
        ["r_llc_llcp_terminate_ind_pdu_send", "0x400444b0"],
        ["r_llc_llcp_tester_send", "0x400445e4"],
        ["r_llc_llcp_unknown_rsp_send_pdu", "0x40044534"],
        ["r_llc_llcp_version_ind_pdu_send", "0x40043f6c"],
        ["r_llc_lsto_con_update", "0x40045098"],
        ["r_llc_ltk_req_send", "0x40044dc0"],
        ["r_llc_map_update_finished", "0x40045260"],
        ["r_llc_map_update_ind", "0x400450f0"],
        ["r_llc_pdu_acl_tx_ack_defer", "0x400464dc"],
        ["r_llc_pdu_defer", "0x40046528"],
        ["r_llc_pdu_llcp_tx_ack_defer", "0x400463ac"],
        ["r_llc_reset", "0x400447b8"],
        ["r_llc_start", "0x400447f4"],
        ["r_llc_stop", "0x400449ac"],
        ["r_llc_util_bw_mgt", "0x4004629c"],
        ["r_llc_util_clear_operation_ptr", "0x40046234"],
        ["r_llc_util_dicon_procedure", "0x40046130"],
        ["r_llc_util_get_free_conhdl", "0x400460c8"],
        ["r_llc_util_get_nb_active_link", "0x40046100"],
        ["r_llc_util_set_auth_payl_to_margin", "0x400461f4"],
        ["r_llc_util_set_llcp_discard_enable", "0x400461c8"],
        ["r_llc_util_update_channel_map", "0x400461ac"],
        ["r_llc_version_rd_event_send", "0x40044e60"],
        ["r_lld_adv_start", "0x40048b38"],
        ["r_lld_adv_stop", "0x40048ea0"],
        ["r_lld_ch_map_ind", "0x4004a2f4"],
        ["r_lld_con_param_req", "0x40049f0c"],
        ["r_lld_con_param_rsp", "0x40049e00"],
        ["r_lld_con_start", "0x400491f8"],
        ["r_lld_con_stop", "0x40049fdc"],
        ["r_lld_con_update_after_param_req", "0x40049bcc"],
        ["r_lld_con_update_ind", "0x4004a30c"],
        ["r_lld_con_update_req", "0x40049b60"],
        ["r_lld_core_reset", "0x40048a9c"],
        ["r_lld_crypt_isr", "0x4004a324"],
        ["r_lld_evt_adv_create", "0x400481f4"],
        ["r_lld_evt_canceled", "0x400485c8"],
        ["r_lld_evt_channel_next", "0x40046aac"],
        ["r_lld_evt_deffered_elt_handler", "0x400482bc"],
        ["r_lld_evt_delete_elt_handler", "0x40046974"],
        ["r_lld_evt_delete_elt_push", "0x40046a3c"],
        ["r_lld_evt_drift_compute", "0x40047670"],
        ["r_lld_evt_elt_delete", "0x40047538"],
        ["r_lld_evt_elt_insert", "0x400474c8"],
        ["r_lld_evt_end", "0x400483e8"],
        ["r_lld_evt_end_isr", "0x4004862c"],
        ["r_lld_evt_init", "0x40046b3c"],
        ["r_lld_evt_init_evt", "0x40046cd0"],
        ["r_lld_evt_move_to_master", "0x40047ba0"],
        ["r_lld_evt_move_to_slave", "0x40047e18"],
        ["r_lld_evt_prevent_stop", "0x40047adc"],
        ["r_lld_evt_restart", "0x40046d50"],
        ["r_lld_evt_rx", "0x40048578"],
        ["r_lld_evt_rx_isr", "0x40048678"],
        ["r_lld_evt_scan_create", "0x40047ae8"],
        ["r_lld_evt_schedule", "0x40047908"],
        ["r_lld_evt_schedule_next", "0x400477dc"],
        ["r_lld_evt_schedule_next_instant", "0x400476a8"],
        ["r_lld_evt_slave_update", "0x40048138"],
        ["r_lld_evt_update_create", "0x40047cd8"],
        ["r_lld_get_mode", "0x40049ff8"],
        ["r_lld_init", "0x4004873c"],
        ["r_lld_move_to_master", "0x400499e0"],
        ["r_lld_move_to_slave", "0x4004a024"],
        ["r_lld_pdu_adv_pack", "0x4004b488"],
        ["r_lld_pdu_check", "0x4004ac34"],
        ["r_lld_pdu_data_send", "0x4004b018"],
        ["r_lld_pdu_data_tx_push", "0x4004aecc"],
        ["r_lld_pdu_rx_handler", "0x4004b4d4"],
        ["r_lld_pdu_send_packet", "0x4004b774"],
        ["r_lld_pdu_tx_flush", "0x4004b414"],
        ["r_lld_pdu_tx_loop", "0x4004ae40"],
        ["r_lld_pdu_tx_prog", "0x4004b120"],
        ["r_lld_pdu_tx_push", "0x4004b080"],
        ["r_lld_ral_renew_req", "0x4004a73c"],
        ["r_lld_scan_start", "0x40048ee0"],
        ["r_lld_scan_stop", "0x40049190"],
        ["r_lld_test_mode_rx", "0x4004a540"],
        ["r_lld_test_mode_tx", "0x4004a350"],
        ["r_lld_test_stop", "0x4004a710"],
        ["r_lld_util_anchor_point_move", "0x4004bacc"],
        ["r_lld_util_compute_ce_max", "0x4004bc0c"],
        ["r_lld_util_connection_param_set", "0x4004ba40"],
        ["r_lld_util_dle_set_cs_fields", "0x4004ba90"],
        ["r_lld_util_eff_tx_time_set", "0x4004bd88"],
        ["r_lld_util_elt_programmed", "0x4004bce0"],
        ["r_lld_util_flush_list", "0x4004bbd8"],
        ["r_lld_util_freq2chnl", "0x4004b9e4"],
        ["r_lld_util_get_bd_address", "0x4004b8ac"],
        ["r_lld_util_get_local_offset", "0x4004ba10"],
        ["r_lld_util_get_peer_offset", "0x4004ba24"],
        ["r_lld_util_get_tx_pkt_cnt", "0x4004bd80"],
        ["r_lld_util_instant_get", "0x4004b890"],
        ["r_lld_util_instant_ongoing", "0x4004bbfc"],
        ["r_lld_util_priority_set", "0x4004bd10"],
        ["r_lld_util_priority_update", "0x4004bd78"],
        ["r_lld_util_ral_force_rpa_renew", "0x4004b980"],
        ["r_lld_util_set_bd_address", "0x4004b8f8"],
        ["r_lld_wlcoex_set", "0x4004bd98"],
        ["r_llm_ble_ready", "0x4004cc34"],
        ["r_llm_common_cmd_complete_send", "0x4004d288"],
        ["r_llm_common_cmd_status_send", "0x4004d2b4"],
        ["r_llm_con_req_ind", "0x4004cc54"],
        ["r_llm_con_req_tx_cfm", "0x4004d158"],
        ["r_llm_create_con", "0x4004de78"],
        ["r_llm_encryption_done", "0x4004dff8"],
        ["r_llm_encryption_start", "0x4004e128"],
        ["r_llm_end_evt_defer", "0x4004eb6c"],
        ["r_llm_init", "0x4004c9f8"],
        ["r_llm_le_adv_report_ind", "0x4004cdf4"],
        ["r_llm_pdu_defer", "0x4004ec48"],
        ["r_llm_ral_clear", "0x4004e1fc"],
        ["r_llm_ral_dev_add", "0x4004e23c"],
        ["r_llm_ral_dev_rm", "0x4004e3bc"],
        ["r_llm_ral_get_rpa", "0x4004e400"],
        ["r_llm_ral_set_timeout", "0x4004e4a0"],
        ["r_llm_ral_update", "0x4004e4f8"],
        ["r_llm_set_adv_data", "0x4004d960"],
        ["r_llm_set_adv_en", "0x4004d7ec"],
        ["r_llm_set_adv_param", "0x4004d5f4"],
        ["r_llm_set_scan_en", "0x4004db64"],
        ["r_llm_set_scan_param", "0x4004dac8"],
        ["r_llm_set_scan_rsp_data", "0x4004da14"],
        ["r_llm_test_mode_start_rx", "0x4004d534"],
        ["r_llm_test_mode_start_tx", "0x4004d2fc"],
        ["r_llm_util_adv_data_update", "0x4004e8fc"],
        ["r_llm_util_apply_bd_addr", "0x4004e868"],
        ["r_llm_util_bd_addr_in_ral", "0x4004eb08"],
        ["r_llm_util_bd_addr_in_wl", "0x4004e788"],
        ["r_llm_util_bd_addr_wl_position", "0x4004e720"],
        ["r_llm_util_bl_add", "0x4004e9ac"],
        ["r_llm_util_bl_check", "0x4004e930"],
        ["r_llm_util_bl_rem", "0x4004ea70"],
        ["r_llm_util_check_address_validity", "0x4004e7e4"],
        ["r_llm_util_check_evt_mask", "0x4004e8b0"],
        ["r_llm_util_check_map_validity", "0x4004e800"],
        ["r_llm_util_get_channel_map", "0x4004e8d4"],
        ["r_llm_util_get_supp_features", "0x4004e8e8"],
        ["r_llm_util_set_public_addr", "0x4004e89c"],
        ["r_llm_wl_clr", "0x4004dc54"],
        ["r_llm_wl_dev_add", "0x4004dcc0"],
        ["r_llm_wl_dev_add_hdl", "0x4004dd38"],
        ["r_llm_wl_dev_rem", "0x4004dcfc"],
        ["r_llm_wl_dev_rem_hdl", "0x4004dde0"],
        ["r_lm_acl_disc", "0x4004f148"],
        ["r_LM_AddSniff", "0x40022d20"],
        ["r_lm_add_sync", "0x40051358"],
        ["r_lm_afh_activate_timer", "0x4004f444"],
        ["r_lm_afh_ch_ass_en_get", "0x4004f3f8"],
        ["r_lm_afh_host_ch_class_get", "0x4004f410"],
        ["r_lm_afh_master_ch_map_get", "0x4004f43c"],
        ["r_lm_afh_peer_ch_class_set", "0x4004f418"],
        ["r_lm_check_active_sync", "0x40051334"],
        ["r_LM_CheckEdrFeatureRequest", "0x4002f90c"],
        ["r_LM_CheckSwitchInstant", "0x4002f8c0"],
        ["r_lm_check_sync_hl_rsp", "0x4005169c"],
        ["r_lm_clk_adj_ack_pending_clear", "0x4004f514"],
        ["r_lm_clk_adj_instant_pending_set", "0x4004f4d8"],
        ["r_LM_ComputePacketType", "0x4002f554"],
        ["r_LM_ComputeSniffSubRate", "0x400233ac"],
        ["r_lm_debug_key_compare_192", "0x4004f3a8"],
        ["r_lm_debug_key_compare_256", "0x4004f3d0"],
        ["r_lm_dhkey_calc_init", "0x40013234"],
        ["r_lm_dhkey_compare", "0x400132d8"],
        ["r_lm_dut_mode_en_get", "0x4004f3ec"],
        ["r_LM_ExtractMaxEncKeySize", "0x4001aca4"],
        ["r_lm_f1", "0x40012bb8"],
        ["r_lm_f2", "0x40012cfc"],
        ["r_lm_f3", "0x40013050"],
        ["r_lm_g", "0x40012f90"],
        ["r_LM_GetAFHSwitchInstant", "0x4002f86c"],
        ["r_lm_get_auth_en", "0x4004f1ac"],
        ["r_lm_get_common_pkt_types", "0x4002fa1c"],
        ["r_LM_GetConnectionAcceptTimeout", "0x4004f1f4"],
        ["r_LM_GetFeature", "0x4002f924"],
        ["r_LM_GetLinkTimeout", "0x400233ec"],
        ["r_LM_GetLocalNameSeg", "0x4004f200"],
        ["r_lm_get_loopback_mode", "0x4004f248"],
        ["r_LM_GetMasterEncKeySize", "0x4001b29c"],
        ["r_LM_GetMasterEncRand", "0x4001b288"],
        ["r_LM_GetMasterKey", "0x4001b260"],
        ["r_LM_GetMasterKeyRand", "0x4001b274"],
        ["r_lm_get_min_sync_intv", "0x400517a8"],
        ["r_lm_get_nb_acl", "0x4004ef9c"],
        ["r_lm_get_nb_sync_link", "0x4005179c"],
        ["r_lm_get_nonce", "0x400131c4"],
        ["r_lm_get_oob_local_commit", "0x4004f374"],
        ["r_lm_get_oob_local_data_192", "0x4004f2d4"],
        ["r_lm_get_oob_local_data_256", "0x4004f318"],
        ["r_LM_GetPINType", "0x4004f1e8"],
        ["r_lm_get_priv_key_192", "0x4004f278"],
        ["r_lm_get_priv_key_256", "0x4004f2b8"],
        ["r_lm_get_pub_key_192", "0x4004f258"],
        ["r_lm_get_pub_key_256", "0x4004f298"],
        ["r_LM_GetQoSParam", "0x4002f6e0"],
        ["r_lm_get_sec_con_host_supp", "0x4004f1d4"],
        ["r_LM_GetSniffSubratingParam", "0x4002325c"],
        ["r_lm_get_sp_en", "0x4004f1c0"],
        ["r_LM_GetSwitchInstant", "0x4002f7f8"],
        ["r_lm_get_synchdl", "0x4005175c"],
        ["r_lm_get_sync_param", "0x400503b4"],
        ["r_lm_init", "0x4004ed34"],
        ["r_lm_init_sync", "0x400512d8"],
        ["r_lm_is_acl_con", "0x4004f47c"],
        ["r_lm_is_acl_con_role", "0x4004f49c"],
        ["r_lm_is_clk_adj_ack_pending", "0x4004f4e8"],
        ["r_lm_is_clk_adj_instant_pending", "0x4004f4c8"],
        ["r_lm_local_ext_fr_configured", "0x4004f540"],
        ["r_lm_look_for_stored_link_key", "0x4002f948"],
        ["r_lm_look_for_sync", "0x40051774"],
        ["r_lm_lt_addr_alloc", "0x4004ef1c"],
        ["r_lm_lt_addr_free", "0x4004ef74"],
        ["r_lm_lt_addr_reserve", "0x4004ef48"],
        ["r_LM_MakeCof", "0x4002f84c"],
        ["r_LM_MakeRandVec", "0x400112d8"],
        ["r_lm_master_clk_adj_req_handler", "0x40054180"],
        ["r_LM_MaxSlot", "0x4002f694"],
        ["r_lm_modif_sync", "0x40051578"],
        ["r_lm_n_is_zero", "0x40012170"],
        ["r_lm_num_clk_adj_ack_pending_set", "0x4004f500"],
        ["r_lm_oob_f1", "0x40012e54"],
        ["r_lm_pca_sscan_link_get", "0x4004f560"],
        ["r_lm_pca_sscan_link_set", "0x4004f550"],
        ["r_lmp_pack", "0x4001135c"],
        ["r_lmp_unpack", "0x4001149c"],
        ["r_lm_read_features", "0x4004f0d8"],
        ["r_LM_RemoveSniff", "0x40023124"],
        ["r_LM_RemoveSniffSubrating", "0x400233c4"],
        ["r_lm_remove_sync", "0x400517c8"],
        ["r_lm_reset_sync", "0x40051304"],
        ["r_lm_role_switch_finished", "0x4004f028"],
        ["r_lm_role_switch_start", "0x4004efe0"],
        ["r_lm_sco_nego_end", "0x40051828"],
        ["r_LM_SniffSubrateNegoRequired", "0x40023334"],
        ["r_LM_SniffSubratingHlReq", "0x40023154"],
        ["r_LM_SniffSubratingPeerReq", "0x400231dc"],
        ["r_lm_sp_debug_mode_get", "0x4004f398"],
        ["r_lm_sp_n192_convert_wnaf", "0x400123c0"],
        ["r_lm_sp_n_one", "0x400123a4"],
        ["r_lm_sp_p192_add", "0x40012828"],
        ["r_lm_sp_p192_dbl", "0x4001268c"],
        ["r_lm_sp_p192_invert", "0x40012b6c"],
        ["r_lm_sp_p192_point_jacobian_to_affine", "0x40012468"],
        ["r_lm_sp_p192_points_jacobian_to_affine", "0x400124e4"],
        ["r_lm_sp_p192_point_to_inf", "0x40012458"],
        ["r_lm_sp_pre_compute_points", "0x40012640"],
        ["r_lm_sp_sha256_calculate", "0x400121a0"],
        ["r_LM_SuppressAclPacket", "0x4002f658"],
        ["r_lm_sync_flow_ctrl_en_get", "0x4004f404"],
        ["r_LM_UpdateAclEdrPacketType", "0x4002f5d8"],
        ["r_LM_UpdateAclPacketType", "0x4002f584"],
        ["r_modules_funcs", "0x3ffafd6c"],
        ["r_modules_funcs_p", "0x3ffafd68"],
        ["r_nvds_del", "0x400544c4"],
        ["r_nvds_get", "0x40054488"],
        ["r_nvds_init", "0x40054410"],
        ["r_nvds_lock", "0x400544fc"],
        ["r_nvds_put", "0x40054534"],
        ["rom_abs_temp", "0x400054f0"],
        ["rom_bb_bss_bw_40_en", "0x4000401c"],
        ["rom_bb_bss_cbw40_dig", "0x40003bac"],
        ["rom_bb_rx_ht20_cen_bcov_en", "0x40003734"],
        ["rom_bb_tx_ht20_cen", "0x40003760"],
        ["rom_bb_wdg_test_en", "0x40003b70"],
        ["rom_cbw2040_cfg", "0x400040b0"],
        ["rom_check_noise_floor", "0x40003c78"],
        ["rom_chip_i2c_readReg", "0x40004110"],
        ["rom_chip_i2c_writeReg", "0x40004168"],
        ["rom_chip_v7_bt_init", "0x40004d8c"],
        ["rom_chip_v7_rx_init", "0x40004cec"],
        ["rom_chip_v7_rx_rifs_en", "0x40003d90"],
        ["rom_chip_v7_tx_init", "0x40004d18"],
        ["rom_clk_force_on_vit", "0x40003710"],
        ["rom_correct_rf_ana_gain", "0x400062a8"],
        ["rom_dc_iq_est", "0x400055c8"],
        ["rom_disable_agc", "0x40002fa4"],
        ["rom_enable_agc", "0x40002fcc"],
        ["rom_en_pwdet", "0x4000506c"],
        ["rom_gen_rx_gain_table", "0x40003e3c"],
        ["rom_get_data_sat", "0x4000312c"],
        ["rom_get_fm_sar_dout", "0x40005204"],
        ["rom_get_power_db", "0x40005fc8"],
        ["rom_get_pwctrl_correct", "0x400065d4"],
        ["rom_get_rfcal_rxiq_data", "0x40005bbc"],
        ["rom_get_rf_gain_qdb", "0x40006290"],
        ["rom_get_sar_dout", "0x40006564"],
        ["rom_i2c_readReg", "0x40004148"],
        ["rom_i2c_readReg_Mask", "0x400041c0"],
        ["rom_i2c_writeReg", "0x400041a4"],
        ["rom_i2c_writeReg_Mask", "0x400041fc"],
        ["rom_index_to_txbbgain", "0x40004df8"],
        ["rom_iq_est_disable", "0x40005590"],
        ["rom_iq_est_enable", "0x40005514"],
        ["rom_linear_to_db", "0x40005f64"],
        ["rom_loopback_mode_en", "0x400030f8"],
        ["rom_main", "0x400076c4"],
        ["rom_meas_tone_pwr_db", "0x40006004"],
        ["rom_mhz2ieee", "0x4000404c"],
        ["rom_noise_floor_auto_set", "0x40003bdc"],
        ["rom_pbus_debugmode", "0x40004458"],
        ["rom_pbus_force_mode", "0x40004270"],
        ["rom_pbus_force_test", "0x400043c0"],
        ["rom_pbus_rd", "0x40004414"],
        ["rom_pbus_rd_addr", "0x40004334"],
        ["rom_pbus_rd_shift", "0x40004374"],
        ["rom_pbus_rx_dco_cal", "0x40005620"],
        ["rom_pbus_set_dco", "0x40004638"],
        ["rom_pbus_set_rxgain", "0x40004480"],
        ["rom_pbus_workmode", "0x4000446c"],
        ["rom_pbus_xpd_rx_off", "0x40004508"],
        ["rom_pbus_xpd_rx_on", "0x4000453c"],
        ["rom_pbus_xpd_tx_off", "0x40004590"],
        ["rom_pbus_xpd_tx_on", "0x400045e0"],
        ["rom_phy_disable_agc", "0x40002f6c"],
        ["rom_phy_disable_cca", "0x40003000"],
        ["rom_phy_enable_agc", "0x40002f88"],
        ["rom_phy_enable_cca", "0x4000302c"],
        ["rom_phy_freq_correct", "0x40004b44"],
        ["rom_phyFuns", "0x3ffae0c0"],
        ["rom_phy_get_noisefloor", "0x40003c2c"],
        ["rom_phy_get_vdd33", "0x4000642c"],
        ["rom_pow_usr", "0x40003044"],
        ["rom_read_sar_dout", "0x400051c0"],
        ["rom_restart_cal", "0x400046e0"],
        ["rom_rfcal_pwrctrl", "0x40006058"],
        ["rom_rfcal_rxiq", "0x40005b4c"],
        ["rom_rfcal_txcap", "0x40005dec"],
        ["rom_rfpll_reset", "0x40004680"],
        ["rom_rfpll_set_freq", "0x400047f8"],
        ["rom_rtc_mem_backup", "0x40003db4"],
        ["rom_rtc_mem_recovery", "0x40003df4"],
        ["rom_rx_gain_force", "0x4000351c"],
        ["rom_rxiq_cover_mg_mp", "0x40005a68"],
        ["rom_rxiq_get_mis", "0x400058e4"],
        ["rom_rxiq_set_reg", "0x40005a00"],
        ["rom_set_cal_rxdc", "0x400030b8"],
        ["rom_set_chan_cal_interp", "0x40005ce0"],
        ["rom_set_channel_freq", "0x40004880"],
        ["rom_set_loopback_gain", "0x40003060"],
        ["rom_set_noise_floor", "0x40003d48"],
        ["rom_set_pbus_mem", "0x400031a4"],
        ["rom_set_rf_freq_offset", "0x40004ca8"],
        ["rom_set_rxclk_en", "0x40003594"],
        ["rom_set_txcap_reg", "0x40005d50"],
        ["rom_set_txclk_en", "0x40003564"],
        ["rom_spur_coef_cfg", "0x40003ac8"],
        ["rom_spur_reg_write_one_tone", "0x400037f0"],
        ["rom_start_tx_tone", "0x400036b4"],
        ["rom_start_tx_tone_step", "0x400035d0"],
        ["rom_stop_tx_tone", "0x40003f98"],
        ["_rom_store", "0x4000d66c"],
        ["_rom_store_table", "0x4000d4f8"],
        ["rom_target_power_add_backoff", "0x40006268"],
        ["rom_tx_atten_set_interp", "0x400061cc"],
        ["rom_txbbgain_to_index", "0x40004dc0"],
        ["rom_txcal_work_mode", "0x4000510c"],
        ["rom_txdc_cal_init", "0x40004e10"],
        ["rom_txdc_cal_v70", "0x40004ea4"],
        ["rom_txiq_cover", "0x4000538c"],
        ["rom_txiq_get_mis_pwr", "0x400052dc"],
        ["rom_txiq_set_reg", "0x40005154"],
        ["rom_tx_pwctrl_bg_init", "0x4000662c"],
        ["rom_txtone_linear_pwr", "0x40005290"],
        ["rom_wait_rfpll_cal_end", "0x400047a8"],
        ["rom_write_gain_mem", "0x4000348c"],
        ["rom_write_rfpll_sdm", "0x40004740"],
        ["roundup2", "0x4000ab7c"],
        ["r_plf_funcs_p", "0x3ffb8360"],
        ["r_rf_rw_bt_init", "0x40054868"],
        ["r_rf_rw_init", "0x40054b0c"],
        ["r_rf_rw_le_init", "0x400549d0"],
        ["r_rwble_activity_ongoing_check", "0x40054d8c"],
        ["r_rwble_init", "0x40054bf4"],
        ["r_rwble_isr", "0x40054e08"],
        ["r_rwble_reset", "0x40054ce8"],
        ["r_rwble_sleep_check", "0x40054d78"],
        ["r_rwble_version", "0x40054dac"],
        ["r_rwbt_init", "0x40055160"],
        ["r_rwbt_isr", "0x40055248"],
        ["r_rwbt_reset", "0x400551bc"],
        ["r_rwbt_sleep_check", "0x4005577c"],
        ["r_rwbt_sleep_enter", "0x400557a4"],
        ["r_rwbt_sleep_wakeup", "0x400557fc"],
        ["r_rwbt_sleep_wakeup_end", "0x400558cc"],
        ["r_rwbt_version", "0x4005520c"],
        ["r_rwip_assert_err", "0x40055f88"],
        ["r_rwip_check_wakeup_boundary", "0x400558fc"],
        ["r_rwip_ext_wakeup_enable", "0x40055f3c"],
        ["r_rwip_init", "0x4005595c"],
        ["r_rwip_pca_clock_dragging_only", "0x40055f48"],
        ["r_rwip_prevent_sleep_clear", "0x40055ec8"],
        ["r_rwip_prevent_sleep_set", "0x40055e64"],
        ["r_rwip_reset", "0x40055ab8"],
        ["r_rwip_schedule", "0x40055b38"],
        ["r_rwip_sleep", "0x40055b5c"],
        ["r_rwip_sleep_enable", "0x40055f30"],
        ["r_rwip_version", "0x40055b20"],
        ["r_rwip_wakeup", "0x40055dc4"],
        ["r_rwip_wakeup_delay_set", "0x40055e4c"],
        ["r_rwip_wakeup_end", "0x40055e18"],
        ["r_rwip_wlcoex_set", "0x40055f60"],
        ["r_SHA_256", "0x40013a90"],
        ["rtc_boot_control", "0x4000821c"],
        ["rtc_get_reset_reason", "0x400081d4"],
        ["rtc_get_wakeup_cause", "0x400081f4"],
        ["rtc_select_apb_bridge", "0x40008288"],
        ["rwip_coex_cfg", "0x3ff9914c"],
        ["rwip_priority", "0x3ff99159"],
        ["rwip_rf", "0x3ffbdb28"],
        ["rwip_rf_p_get", "0x400558f4"],
        ["r_XorKey", "0x400112c0"],
        ["sbrk", "0x400017f4"],
        ["_sbrk_r", "0x4000bce4"],
        ["__sccl", "0x4000c498"],
        ["__sclose", "0x400011b8"],
        ["SelectSpiFunction", "0x40061f84"],
        ["SelectSpiQIO", "0x40061ddc"],
        ["SendMsg", "0x40009384"],
        ["send_packet", "0x40009340"],
        ["__seofread", "0x40001148"],
        ["setjmp", "0x40056268"],
        ["setlocale", "0x40059568"],
        ["_setlocale_r", "0x4005950c"],
        ["set_rtc_memory_crc", "0x40008208"],
        ["SetSpiDrvs", "0x40061e78"],
        ["__sf_fake_stderr", "0x3ff96458"],
        ["__sf_fake_stdin", "0x3ff96498"],
        ["__sf_fake_stdout", "0x3ff96478"],
        ["__sflush_r", "0x400591e0"],
        ["__sfmoreglue", "0x40001dc8"],
        ["__sfp", "0x40001e90"],
        ["__sfp_lock_acquire", "0x40001e08"],
        ["__sfp_lock_release", "0x40001e14"],
        ["__sfputs_r", "0x40057790"],
        ["__sfvwrite_r", "0x4005893c"],
        ["sha1_prf", "0x40060ae8"],
        ["sha1_vector", "0x40060b64"],
        ["sha256_prf", "0x40060d70"],
        ["sha256_vector", "0x40060e08"],
        ["sha_blk_bits", "0x3ff99290"],
        ["sha_blk_bits_bytes", "0x3ff99288"],
        ["sha_blk_hash_bytes", "0x3ff9928c"],
        ["sig_matrix", "0x3ffae293"],
        ["__sinit", "0x40001e38"],
        ["__sinit_lock_acquire", "0x40001e20"],
        ["__sinit_lock_release", "0x40001e2c"],
        ["sip_after_tx_complete", "0x4000b358"],
        ["sip_alloc_to_host_evt", "0x4000ab9c"],
        ["sip_get_ptr", "0x4000b34c"],
        ["sip_get_state", "0x4000ae2c"],
        ["sip_init_attach", "0x4000ae58"],
        ["sip_install_rx_ctrl_cb", "0x4000ae10"],
        ["sip_install_rx_data_cb", "0x4000ae20"],
        ["sip_is_active", "0x4000b3c0"],
        ["sip_post_init", "0x4000aed8"],
        ["sip_reclaim_from_host_cmd", "0x4000adbc"],
        ["sip_reclaim_tx_data_pkt", "0x4000ad5c"],
        ["sip_send", "0x4000af54"],
        ["sip_to_host_chain_append", "0x4000aef8"],
        ["sip_to_host_evt_send_done", "0x4000ac04"],
        ["slc_add_credits", "0x4000baf4"],
        ["slc_enable", "0x4000b64c"],
        ["slc_from_host_chain_fetch", "0x4000b7e8"],
        ["slc_from_host_chain_recycle", "0x4000bb10"],
        ["slc_has_pkt_to_host", "0x4000b5fc"],
        ["slc_init_attach", "0x4000b918"],
        ["slc_init_credit", "0x4000badc"],
        ["slc_reattach", "0x4000b62c"],
        ["slc_send_to_host_chain", "0x4000b6a0"],
        ["slc_set_host_io_max_window", "0x4000b89c"],
        ["slc_to_host_chain_recycle", "0x4000b758"],
        ["__smakebuf_r", "0x40059108"],
        ["software_reset", "0x4000824c"],
        ["software_reset_cpu", "0x40008264"],
        ["specialModP256", "0x4001600c"],
        ["spi_cache_sram_init", "0x400626e4"],
        ["SPIClkConfig", "0x40062bc8"],
        ["SPI_Common_Command", "0x4006246c"],
        ["spi_dummy_len_fix", "0x40061d90"],
        ["SPI_Encrypt_Write", "0x40062e78"],
        ["SPIEraseArea", "0x400631ac"],
        ["SPIEraseBlock", "0x40062c4c"],
        ["SPIEraseChip", "0x40062c14"],
        ["SPIEraseSector", "0x40062ccc"],
        ["spi_flash_attach", "0x40062a6c"],
        ["SPILock", "0x400628f0"],
        ["SPIMasterReadModeCnfig", "0x40062b64"],
        ["spi_modes", "0x3ff99270"],
        ["SPIParamCfg", "0x40063238"],
        ["SPI_Prepare_Encrypt_Data", "0x40062e1c"],
        ["SPIRead", "0x40062ed8"],
        ["SPIReadModeCnfig", "0x40062944"],
        ["SPI_read_status", "0x4006226c"],
        ["SPI_read_status_high", "0x40062448"],
        ["SPI_user_command_read", "0x400621b0"],
        ["SPI_flashchip_data", "0x3ffae270"],
        ["SPIWrite", "0x40062d50"],
        ["SPI_write_enable", "0x40062320"],
        ["SPI_Write_Encrypt_Disable", "0x40062e60"],
        ["SPI_Write_Encrypt_Enable", "0x40062df4"],
        ["SPI_write_status", "0x400622f0"],
        ["srand", "0x40001004"],
        ["__sread", "0x40001118"],
        ["__srefill_r", "0x400593d4"],
        ["__sseek", "0x40001184"],
        ["__ssprint_r", "0x40056ff8"],
        ["__ssputs_r", "0x40056f2c"],
        ["__ssrefill_r", "0x40057fec"],
        ["__stack", "0x3ffe3f20"],
        ["__stack_app", "0x3ffe7e30"],
        ["_stack_sentry", "0x3ffe1320"],
        ["_stack_sentry_app", "0x3ffe5230"],
        ["_start", "0x40000704"],
        ["start_tb_console", "0x4005a980"],
        ["_stat_r", "0x4000bcb4"],
        ["_stext", "0x40000560"],
        ["strcasecmp", "0x400011cc"],
        ["strcasestr", "0x40001210"],
        ["strcat", "0x4000c518"],
        ["strchr", "0x4000c53c"],
        ["strcmp", "0x40001274"],
        ["strcoll", "0x40001398"],
        ["strcpy", "0x400013ac"],
        ["strcspn", "0x4000c558"],
        ["strdup", "0x4000143c"],
        ["_strdup_r", "0x40001450"],
        ["strftime", "0x40059ab4"],
        ["strlcat", "0x40001470"],
        ["strlcpy", "0x4000c584"],
        ["strlen", "0x400014c0"],
        ["strlwr", "0x40001524"],
        ["strncasecmp", "0x40001550"],
        ["strncat", "0x4000c5c4"],
        ["strncmp", "0x4000c5f4"],
        ["strncpy", "0x400015d4"],
        ["strndup", "0x400016b0"],
        ["_strndup_r", "0x400016c4"],
        ["strnlen", "0x4000c628"],
        ["strrchr", "0x40001708"],
        ["strsep", "0x40001734"],
        ["strspn", "0x4000c648"],
        ["strstr", "0x4000c674"],
        ["__strtok_r", "0x4000c6a8"],
        ["strtok_r", "0x4000c70c"],
        ["strtol", "0x4005681c"],
        ["_strtol_r", "0x40056714"],
        ["strtoul", "0x4005692c"],
        ["_strtoul_r", "0x40056834"],
        ["strupr", "0x4000174c"],
        ["__subdf3", "0x400026e4"],
        ["__submore", "0x40058f3c"],
        ["__subsf3", "0x400021d0"],
        ["SubtractBigHex256", "0x40015bcc"],
        ["SubtractBigHexMod256", "0x40015e8c"],
        ["SubtractBigHexUint32_256", "0x40015f8c"],
        ["SubtractFromSelfBigHex256", "0x40015c20"],
        ["SubtractFromSelfBigHexSign256", "0x40015dc8"],
        ["__subvdi3", "0x40002d20"],
        ["__subvsi3", "0x40002cf8"],
        ["_sungetc_r", "0x40057f6c"],
        ["__swbuf", "0x40058cb4"],
        ["__swbuf_r", "0x40058bec"],
        ["__swrite", "0x40001150"],
        ["__swsetup_r", "0x40058cc8"],
        ["sw_to_hw", "0x3ffb8d40"],
        ["_SyscallException", "0x400007cf"],
        ["syscall_table_ptr_app", "0x3ffae020"],
        ["syscall_table_ptr_pro", "0x3ffae024"],
        ["_system_r", "0x4000bc10"],
        ["tdefl_compress", "0x400600bc"],
        ["tdefl_compress_buffer", "0x400607f4"],
        ["tdefl_compress_mem_to_mem", "0x40060900"],
        ["tdefl_compress_mem_to_output", "0x400608e0"],
        ["tdefl_get_adler32", "0x400608d8"],
        ["tdefl_get_prev_return_status", "0x400608d0"],
        ["tdefl_init", "0x40060810"],
        ["tdefl_write_image_to_png_file_in_memory", "0x4006091c"],
        ["tdefl_write_image_to_png_file_in_memory_ex", "0x40060910"],
        ["time", "0x40001844"],
        ["__time_load_locale", "0x4000183c"],
        ["times", "0x40001808"],
        ["_times_r", "0x4000bc40"],
        ["_timezone", "0x3ffae0a0"],
        ["tinfl_decompress", "0x4005ef30"],
        ["tinfl_decompress_mem_to_callback", "0x40060090"],
        ["tinfl_decompress_mem_to_mem", "0x40060050"],
        ["toascii", "0x4000c720"],
        ["tolower", "0x40001868"],
        ["toupper", "0x40001884"],
        ["__truncdfsf2", "0x40002b90"],
        ["__tzcalc_limits", "0x400018a0"],
        ["__tz_lock", "0x40001a04"],
        ["_tzname", "0x3ffae030"],
        ["tzset", "0x40001a1c"],
        ["_tzset_r", "0x40001a28"],
        ["__tz_unlock", "0x40001a10"],
        ["uartAttach", "0x40008fd0"],
        ["uart_baudrate_detect", "0x40009034"],
        ["uart_buff_switch", "0x400093c0"],
        ["UartConnCheck", "0x40008738"],
        ["UartConnectProc", "0x40008a04"],
        ["UartDev", "0x3ffe019c"],
        ["uart_div_modify", "0x400090cc"],
        ["UartDwnLdProc", "0x40008ce8"],
        ["UartGetCmdLn", "0x40009564"],
        ["Uart_Init", "0x40009120"],
        ["UartRegReadProc", "0x40008a58"],
        ["UartRegWriteProc", "0x40008a14"],
        ["uart_rx_intr_handler", "0x40008f4c"],
        ["uart_rx_one_char", "0x400092d0"],
        ["uart_rx_one_char_block", "0x400092a4"],
        ["uart_rx_readbuff", "0x40009394"],
        ["UartRxString", "0x400092fc"],
        ["UartSetBaudProc", "0x40008aac"],
        ["UartSpiAttachProc", "0x40008a6c"],
        ["UartSpiReadProc", "0x40008a80"],
        ["uart_tx_flush", "0x40009258"],
        ["uart_tx_one_char", "0x4000922c"],
        ["uart_tx_one_char2", "0x4000922c"],
        ["uart_tx_switch", "0x40009028"],
        ["uart_tx_wait_idle", "0x40009278"],
        ["__ucmpdi2", "0x40063840"],
        ["__udivdi3", "0x4000cff8"],
        ["__udivmoddi4", "0x40064ab0"],
        ["__udivsi3", "0x4000c7c8"],
        ["__udiv_w_sdiv", "0x40064aa8"],
        ["__umoddi3", "0x4000d280"],
        ["__umodsi3", "0x4000c7d0"],
        ["__umulsidi3", "0x4000c7d8"],
        ["ungetc", "0x400590f4"],
        ["_ungetc_r", "0x40058fa0"],
        ["_unlink_r", "0x4000bc84"],
        ["__unorddf2", "0x400637f4"],
        ["__unordsf2", "0x40063478"],
        ["user_code_start", "0x3ffe0400"],
        ["_UserExceptionVector", "0x40000340"],
        ["utoa", "0x40056258"],
        ["__utoa", "0x400561f0"],
        ["VerifyFlashMd5Proc", "0x40008c44"],
        ["veryBigHexP256", "0x3ff9736c"],
        ["wcrtomb", "0x40058920"],
        ["_wcrtomb_r", "0x400588d8"],
        ["__wctomb", "0x3ff96540"],
        ["_wctomb_r", "0x40058f14"],
        ["_WindowOverflow12", "0x40000100"],
        ["_WindowOverflow4", "0x40000000"],
        ["_WindowOverflow8", "0x40000080"],
        ["_WindowUnderflow12", "0x40000140"],
        ["_WindowUnderflow4", "0x40000040"],
        ["_WindowUnderflow8", "0x400000c0"],
        ["write", "0x4000181c"],
        ["_write_r", "0x4000bd70"],
        ["xthal_bcopy", "0x4000c098"],
        ["xthal_copy123", "0x4000c124"],
        ["xthal_get_ccompare", "0x4000c078"],
        ["xthal_get_ccount", "0x4000c050"],
        ["xthal_get_interrupt", "0x4000c1e4"],
        ["xthal_get_intread", "0x4000c1e4"],
        ["Xthal_intlevel", "0x3ff9c2b4"],
        ["xthal_memcpy", "0x4000c0bc"],
        ["xthal_set_ccompare", "0x4000c058"],
        ["xthal_set_intclear", "0x4000c1ec"],
        ["_xtos_set_intlevel", "0x4000bfdc"],
        ["_xtos_alloca_handler", "0x40000010"],
        ["_xtos_cause3_handler", "0x40000dd8"],
        ["_xtos_c_handler_table", "0x3ffe0548"],
        ["_xtos_c_wrapper_handler", "0x40000de8"],
        ["_xtos_enabled", "0x3ffe0650"],
        ["_xtos_exc_handler_table", "0x3ffe0448"],
        ["_xtos_interrupt_mask_table", "0x3ffe0758"],
        ["_xtos_interrupt_table", "0x3ffe0658"],
        ["_xtos_ints_off", "0x4000bfac"],
        ["_xtos_ints_on", "0x4000bf88"],
        ["_xtos_intstruct", "0x3ffe0650"],
        ["_xtos_l1int_handler", "0x40000814"],
        ["_xtos_p_none", "0x4000bfd4"],
        ["_xtos_restore_intlevel", "0x40000928"],
        ["_xtos_return_from_exc", "0x4000c034"],
        ["_xtos_set_exception_handler", "0x4000074c"],
        ["_xtos_set_interrupt_handler", "0x4000bf78"],
        ["_xtos_set_interrupt_handler_arg", "0x4000bf34"],
        ["_xtos_set_min_intlevel", "0x4000bff8"],
        ["_xtos_set_vpri", "0x40000934"],
        ["_xtos_syscall_handler", "0x40000790"],
        ["_xtos_unhandled_exception", "0x4000c024"],
        ["_xtos_unhandled_interrupt", "0x4000c01c"],
        ["_xtos_vpri_enabled", "0x3ffe0654"],
        ["ets_intr_count", "0x3ffe03fc"],
        ["ets_intr_lock", "0x400067b0"],
        ["ets_intr_unlock", "0x400067c4"],
        ["ets_isr_attach", "0x400067ec"],
        ["ets_isr_mask", "0x400067fc"],
        ["ets_isr_unmask", "0x40006808"],
        ["ld_acl_env", "0x3ffb8258"],
        ["ld_active_ch_map", "0x3ffb8334"],
        ["ld_bcst_acl_env", "0x3ffb8274"],
        ["ld_csb_rx_env", "0x3ffb8278"],
        ["ld_csb_tx_env", "0x3ffb827c"],
        ["ld_env", "0x3ffb9510"],
        ["ld_fm_env", "0x3ffb8284"],
        ["ld_inq_env", "0x3ffb82e4"],
        ["ld_iscan_env", "0x3ffb82e8"],
        ["ld_page_env", "0x3ffb82f0"],
        ["ld_pca_env", "0x3ffb82f4"],
        ["ld_pscan_env", "0x3ffb8308"],
        ["ld_sched_env", "0x3ffb830c"],
        ["ld_sched_params", "0x3ffb96c0"],
        ["ld_sco_env", "0x3ffb824c"],
        ["ld_sscan_env", "0x3ffb832c"],
        ["ld_strain_env", "0x3ffb8330"],
        ["esp_rom_spiflash_write_encrypted", "0x40062e78"]    
    ]
}
